/*
 Navicat MySQL Data Transfer

 Source Server         : 本地数据库
 Source Server Type    : MySQL
 Source Server Version : 50719
 Source Host           : localhost:3388
 Source Schema         : tingge_blog

 Target Server Type    : MySQL
 Target Server Version : 50719
 File Encoding         : 65001

 Date: 21/03/2021 17:45:37
*/

SET NAMES utf8mb4;
SET FOREIGN_KEY_CHECKS = 0;

-- ----------------------------
-- Table structure for article
-- ----------------------------
DROP TABLE IF EXISTS `article`;
CREATE TABLE `article` (
  `id` int(11) NOT NULL AUTO_INCREMENT,
  `typeId` int(11) NOT NULL DEFAULT '0',
  `title` varchar(255) COLLATE utf8mb4_unicode_ci NOT NULL DEFAULT '',
  `content` text COLLATE utf8mb4_unicode_ci NOT NULL,
  `introduce` varchar(255) COLLATE utf8mb4_unicode_ci DEFAULT '',
  `viewCount` int(11) NOT NULL DEFAULT '0',
  `cover` varchar(255) CHARACTER SET utf8 DEFAULT '0',
  `createTime` timestamp NULL DEFAULT CURRENT_TIMESTAMP,
  `userId` int(11) DEFAULT '0',
  `tags` varchar(255) COLLATE utf8mb4_unicode_ci DEFAULT NULL,
  `status` enum('1','0') COLLATE utf8mb4_unicode_ci NOT NULL DEFAULT '0' COMMENT '是否公开， 0公开， 1隐藏',
  PRIMARY KEY (`id`)
) ENGINE=MyISAM AUTO_INCREMENT=48 DEFAULT CHARSET=utf8mb4 COLLATE=utf8mb4_unicode_ci COMMENT='文章表';

-- ----------------------------
-- Records of article
-- ----------------------------
BEGIN;
INSERT INTO `article` VALUES (2, 1, '【转】视觉体验和内容俱佳的优秀网页设计', '设计的灵感来源多种多样，不仅仅要了解别人的视觉设计，而且需要仔细体验实际的效果。许多优秀的网页设计作品，不仅仅有着突出的排版设计，而且在动效、交互、体验上有着颇为值得学习的地方。如果你愿意仔细揣摩，还能在许多网站当中学到细节的处理技巧和内容组合的搭配策略。想比起零散地设计作品，这些来自著名设计机构的网站，在不同需求下诞生的网站产品，更有价值。\n\n接下来，就在下面的20个网站中，尽情发掘你感兴趣的设计和内容吧！\n\n# [Epicurrence](https://www.epicurrence.com/ \"Epicurrence\")\n\n![](https://image.uisdc.com/wp-content/uploads/2018/08/01b-800x552.jpg)\n\n这个网站是一个为创意工作者所举办的 Epicurrence 2018 峰会，会议地点在著名的 Yosemite。整个网站在设计的时候，都采用了令人惊叹的插画和微妙的视差，让人会忍不住与之互动。\n\n# [Angelo Sanvito](http://www.angelosanvito.it/ \"Angelo Sanvito\")\n![](https://image.uisdc.com/wp-content/uploads/2018/08/02b-800x552.jpg)\n\nAngelo Sanvito 是一名来自意大利米兰的插画师，同样精通 UI 和 UX设计，他充分地利用了自己的诸多技能，在这个简单的网站上绘制了一系列著名艺术家的肖像，倒是颇为有趣。\n\n# [Atomize Design System](https://atomizedesign.com/ \"Atomize Design System\")\n![](https://image.uisdc.com/wp-content/uploads/2018/08/03b-800x552.jpg)\n\n# [Lisa & Ryan](https://www.lisaandryan.co/ \"Lisa & Ryan\")\n![](https://image.uisdc.com/wp-content/uploads/2018/08/04b-800x552.jpg)\n\n想在海量的设计机构当中找到一个适合你的品牌的，并不容易，不过 Lisa & Ryan 倒是非常称职，是个不错的选择。想知道为什么，不妨打开他们的网站看看。\n\n# [Bellvoye](https://www.lisaandryan.co/ \"Bellvoye\")\n![](https://image.uisdc.com/wp-content/uploads/2018/08/05b-800x552.jpg)\n\n\n最后测试一下代码高亮\n# 测试代码\n```\nimport React, { useState, useEffect } from \'react\'\nimport styles from \'./style.less\'\n\nconst LazyImg = (props) => {\n	const [done, setDone] = useState(false)\n	useEffect(() => {\n		const img = new Image();\n		// 发出请求，请求图片\n		img.src = props.src;\n		// 当图片加载完毕\n		img.onload = () => {\n			setDone(true)\n		}\n	}, [])\n\n	return (\n		<>\n			{\n				done\n					?\n					(\n						props.background ?\n							<div style={props.style, { backgroundImage: `url(${props.src})`}} className=\"item-background\"></div>\n							:\n							<img style={props.style} src={props.src} alt={props.alt} className=\"item-img\" />\n\n					)\n					:\n					<div className=\"clock\" />\n			}\n		</>\n	)\n}\n\nexport default LazyImg\n```\n\n最后测试一下公式\n $$\\prod 1\\sum$$\n', '设计的灵感来源多种多样，不仅仅要了解别人的视觉设计，而且需要仔细体验实际的效果。许多优秀的网页设计作品，不仅仅有着突出的排版设计，而且在动效、交互、体验上有着颇为值得学习的地方。', 79, 'http://cdn.lululuting.com/5471dd60-6532-11ea-9ef1-793305692a81', '2020-01-07 00:24:11', 1, '设计,网页', '0');
INSERT INTO `article` VALUES (4, 1, '【转】2020年最值得关注的9个网页设计趋势', '想知道 2020 年网页设计的趋势吗？在今天的这篇文章当中，我们将会围绕着这一趋势进行说明。\n\n![](https://image.uisdc.com/wp-content/uploads/2019/12/Web-Design-Trends-2020.png)\n\n在即将到来的 2020 年，平面视觉和不断发展的新技术将会有更加深入的结合。只要我们稍加观察，就会注意到新技术对于现代网页设计的影响，这些正在生发的新东西会给你留下深刻的印象。网页设计师在尽量保持网页设计足够简约整洁的同时，还会注入更多新鲜的创意。\n\n另外，我们昨天还发布了 2020 年的平面和视觉设计趋势报告，如果你对此更感兴趣可以戳下方的链接访问：\n\n[![](https://image.uisdc.com/wp-content/uploads/2019/12/trend2020.jpg)](https://www.uisdc.com/graphic-design-trends-2020?zimu)\n\n\n下面，我们就具体来看看 2020 年的网页设计新趋势吧：\n\n# 1、图片和插画的组合\n\n目前网页设计中一个最重要的趋势，是将图片和简约的2D手绘插画结合到一起。这种结合方式，让充满真实感的图片和创意而相对抽象的图形元素之间构成互动，真实和虚拟的穿插是一种创意十足的穿插，让人难以忘怀。\n\n![](https://image.uisdc.com/wp-content/uploads/2019/12/Web-design-Trends-2020-forwardyou-photo-and-illustration.jpg)\n\n# 2、网页设计中的图案纹理\n\n图案纹理将会在 2020 年卷土重来，并且带来更加多样化和耳目一新的视觉观感。除了我们以往常见的覆盖整个背景的纹理，更多的纹理是以更加微妙、 零散的方式分布在网页各个角落，这种方式将会越来越流行。这种方式，将会带来更多富有创意的网页设计。\n\n![](https://image.uisdc.com/wp-content/uploads/2019/12/Web-design-Trends-2020-simpleasmilk-pattern-background-in-website.jpg)\n\n# 3、永不过时的黑白设计\n\n经典的黑白灰是设计领域的常青树。这也是为什么我们经常能够在以往的设计报告中看到黑白色调的影子。黑白色的网站上优雅而极简的，其中包含简约的版式，还有充满艺术感的设计元素。\n\n![](https://image.uisdc.com/wp-content/uploads/2019/12/Web-design-Trends-2020-jurajmolnar-black-and-white-style-website.jpg)\n\n\n', '想知道 2020 年网页设计的趋势吗？在今天的这篇文章当中，我们将会围绕着这一趋势进行说明。', 44, 'http://cdn.lululuting.com/63934ef0-6532-11ea-9ef1-793305692a81', '2020-01-19 10:16:58', 1, '', '0');
INSERT INTO `article` VALUES (5, 1, '【转】让Banner 的文本标题快速具有形式感', '![](https://image.uisdc.com/wp-content/uploads/2018/11/uisdc-banner-20181130-3.jpg)\n\n这9种方法可以让 Banner 中的文本标题快速具有形式感。\n\n# 一、将图片元素作为文字一部分\n\n![](https://image.uisdc.com/wp-content/uploads/2018/11/uisdc-ys-20181129-6.jpg)\n\n# 二、沿着图片背景元素走向排布\n\n![](https://image.uisdc.com/wp-content/uploads/2018/11/uisdc-ys-20181129-2.jpg)\n\n\n# 三、用不同色彩穿插搭配\n\n![](https://image.uisdc.com/wp-content/uploads/2018/11/uisdc-ys-20181129-3.jpg)\n\n\n# 四、用类似风格的字体搭配组合\n\n![](https://image.uisdc.com/wp-content/uploads/2018/11/uisdc-ys-20181129-4.jpg)\n\n# 五、使用装饰性辅助元素\n![](https://image.uisdc.com/wp-content/uploads/2018/11/uisdc-ys-20181129-5.jpg)\n\n\n# 六、分栏式布局+剪切蒙板\n\n![](https://image.uisdc.com/wp-content/uploads/2018/11/uisdc-ys-20181129-1.jpg)\n\n\n# 七、用纯镂空效果融入背景\n\n![](https://image.uisdc.com/wp-content/uploads/2018/11/uisdc-ys-20181129-7.jpg)\n\n# 八、同一字体虚实结合营造对比\n\n![](https://image.uisdc.com/wp-content/uploads/2018/11/uisdc-ys-20181129-8.jpg)\n\n\n# 九、字体和图片元素穿插使用\n![](https://image.uisdc.com/wp-content/uploads/2018/11/uisdc-ys-20181129-9.jpg)\n\n', '这9种方法可以让 Banner 中的文本标题快速具有形式感。一、分栏式布局+剪切蒙板 二、沿着图片背景元素走向排布 三、用不同色彩穿插搭配 四、用类似风格的字体搭配。', 128, 'http://cdn.lululuting.com/85eaa8e0-6532-11ea-9ef1-793305692a81', '2020-01-21 21:47:34', 1, 'banner', '0');
INSERT INTO `article` VALUES (7, 1, 'react ssr服务端渲染框架 next入门', 'Next.js 是一个轻量级的 React 服务端渲染应用框架。。。。。屁话不多说直接进入教程：\n\n\n## 创建项目\n和普通react项目用create-react-app脚手架创建一样，next也有一个`create-next-app`脚手架。\n\n1.使用脚手架前，需要先进行全局安装。\n```\nnpm install -g create-next-app\n```\n2.使用脚手架创建项目\n```\nnpm create-next-app next-create\n```\n浏览器中输入 http://localhost:3000/ ,看到有东西了，就说明成功了。\n\n## 项目结构介绍\n- components文件夹:这里是专门放置自己写的组件的，这里的组件不包括页面，指公用的或者有专门用途的组件。\n- node_modules文件夹：Next项目的所有依赖包都在这里，一般我们不会修改和编辑这里的内容。\n- pages文件夹：这里是放置页面的，这里边的内容会自动生成路由，并在服务器端渲染，渲染好后进行数据同步。\n- static文件夹： 这个是静态文件夹，比如项目需要的图片、图标和静态资源都可以放到这里。\n- .gitignore文件： 这个主要是控制git提交和上传文件的，简称就是忽略提交。\n- package.json文件：定义了项目所需要的文件和项目的配置信息（名称、版本和许可证），最主要的是使用npm install 就可以下载项目所需要的所有包。\n\n\n## 构建页面\n\n首先Next.js默认是不支持CSS文件的，它用的是`style jsx`。\n`style jsx`用法：\n```\nimport Layout from \'../components/MyLayout.js\'\nimport Link from \'next/link\'\n\nfunction getPosts() {\n  return [\n    { id: \'hello-nextjs\', title: \'Hello Next.js\' },\n    { id: \'learn-nextjs\', title: \'Learn Next.js is awesome\' },\n    { id: \'deploy-nextjs\', title: \'Deploy apps with ZEIT\' }\n  ]\n}\n\nexport default function Blog() {\n  return (\n    <Layout>\n      <h1>My Blog</h1>\n      <ul>\n        {getPosts().map(post => (\n          <li key={post.id}>\n            <Link as={`/p/${post.id}`} href={`/post?title=${post.title}`}>\n              <a>{post.title}</a>\n            </Link>\n          </li>\n        ))}\n      </ul>\n      <style jsx>{`\n        h1,\n        a {\n          font-family: \'Arial\';\n        }\n\n        ul {\n          padding: 0;\n        }\n\n        li {\n          list-style: none;\n          margin: 5px 0;\n        }\n\n        a {\n          text-decoration: none;\n          color: blue;\n        }\n\n        a:hover {\n          opacity: 0.6;\n        }\n      `}</style>\n    </Layout>\n  )\n}\n注意<style jsx>后面跟的是模板字符串，而不是直接写样式。\n```\n\n也就是说next不能直接引入css, 像这样子 `import ./style.css` 什么的是会报错的。\n应该这么玩>>>\n\n首先要对next进行配置，让Next.js支持CSS文件。\n1，先安装`@zeit/next-css`包，有了这个包Next.js才可以加载CSS文件。\n2，在`根目录`下建立一个`next.config.js`的js文件，这个就是Next.js的总配置文件。\n3，next.config.js里面写上下面这些东西，就是引入next-css的包让他支持css。（框架的东西不用记，会抄就好）。\n```\nconst withCss = require(\'@zeit/next-css\')\nif(typeof require !== \'undefined\'){\n    require.extensions[\'.css\']=file=>{}\n}\nmodule.exports = withCss({})\n```\n上面三步搞好，这样子css可以被引入了。不过只是css，对于我们这种写惯了`less、sass`的人还是满足不了。当然，官网也有写less sass 怎么配置的，百度一下就有。\n\n然后 next的入口文件`App.js` `Document.js`这些都是没有的，如果需要，可以自己自定义 `./pages/_app.js`和 `./pages/_document.js`。\n\n\n`./pages/_app.js`\n```\nimport App, {Container} from \'next/app\'\nimport React from \'react\'\n\nexport default class MyApp extends App {\n  static async getInitialProps ({ Component, router, ctx }) {\n    let pageProps = {}\n\n    if (Component.getInitialProps) {\n      pageProps = await Component.getInitialProps(ctx)\n    }\n\n    return {pageProps}\n  }\n\n  render () {\n    const {Component, pageProps} = this.props\n    return <Container>\n      <Component {...pageProps} />\n    </Container>\n  }\n}\n```\n\n\n\n`./pages/_document.js`\n\n```\n// _document is only rendered on the server side and not on the client side\n// Event handlers like onClick can\'t be added to this file\n\nimport Document, { Head, Main, NextScript } from \'next/document\'\n\nexport default class MyDocument extends Document {\n  static async getInitialProps(ctx) {\n    const initialProps = await Document.getInitialProps(ctx)\n    return { ...initialProps }\n  }\n\n  render() {\n    return (\n      <html>\n        <Head>\n          <style>{`body { margin: 0 } /* custom! */`}</style>\n        </Head>\n        <body className=\"custom_class\">\n          <Main />\n          <NextScript />\n        </body>\n      </html>\n    )\n  }\n}\n```\n钩子getInitialProps接收到的参数ctx对象都是一样的,回调函数renderPage是会执行 React 渲染逻辑的函数(同步),这种做法有助于此函数支持一些类似于 Aphrodite 的 renderStatic 等一些服务器端渲染容器。\n另外注意：`<Main />`外的 React 组件将不会渲染到浏览器中，所以那添加应用逻辑代码。如果你页面需要公共组件（菜单或工具栏），可以参照上面说的App组件代替。\n\n\nNext中，有一个默认组件error.js，负责处理404或者500这种错误。当然，你也可以自定义一个_error.js组件覆盖默认的错误处理组件：\n\n```\n// _error.js\n\nimport React from \'react\'\nexport default class Error extends React.Component {\n  static getInitialProps ({ res, xhr }) {\n    const statusCode = res ? res.statusCode : (xhr ? xhr.status : null)\n    return { statusCode }\n  }\n\n  render () {\n    return (\n      <p>{\n        this.props.statusCode\n        ? `An error ${this.props.statusCode} occurred on server`\n        : \'An error occurred on client\'\n      }</p>\n    )\n  }\n}\n```\n\n除了这些要注意外，其他写法跟平时写react没多大区别。\n\n\n## 路由配置\nnext的路由是没有配置的，全自动的。在page文件夹下 `文件就是就是路由`，一个文件夹就代表一层，要想嵌套就写深几个文件夹！比如说，\n现在要作一个更深的页面，比如把有关博客的界面都放在这样的路径下 http://localhost:3000/blog/nextBlog, 其实只要在pages文件夹下再建立一个新的文件夹blog，然后进入blog文件夹，新建一个nextBlog.js文件，就可以实现了。\n\n要注意的点是：\n1.最好page用小写，因为地址栏一般都是小写的，如果page写了大写，再去地址栏输入小写是找不到路由的。\n2.最好采用 `文件夹名/index.js` 来开发，命名规范统一，不易混淆！\n\n## 路由跳转\nnext页面跳转一般有两种形式:\n第一种是利用标签`<Link>`,\n第二种是用js编程的方式进行跳转，也就是利用`Router`组件\n(差不多所有框架都是这样)\n\n一.`<Link>`方式跳转页面：\n```\nimport Link from \'next/link\'\nexport default ()=>(\n    <>\n        <Link href=\"/info\"><a>点击1</a></Link>\n		<Link href=\"/info?id=123\"><a>点击2</a></Link>\n		<Link href={{pathname:\'/info\', query:{id:\'123\'}}}><a>点击3</a></Link>\n\n		/* Link内需要a标签，不然爬虫识别不了，不用a可以加passHref，提高爬虫识别率 */\n		<Link href=\"/info\" passHref>\n		   <Button type=\"primary\">点击4</Button>\n		</Link>\n\n    </>\n)\n```\n注意 ：\n1.`<Link>`中只能通过通过`query（?id=1）`来传递参数，而不能通过`(path:id)`的形式传递参数\n\n\n接收参数\n```\nimport { withRouter} from \'next/router\'\nimport Link from \'next/link\'\nconst page = ({router})=>{\n    return (\n        <>\n            <div>{router.query.id}</div>\n        </>\n    )\n}\n\nexport default withRouter(page)\n```\n\n\n\n二.`Router` 方式跳转页面：\n\n```\nimport Router from \'next/router\'\n\n// 方式1\ncosnt link1 = () =>{\n	Router.push({\n		pathname:\'/info\',\n			query:{\n			id:123\n		}\n	})\n}\n\n// 方式2\ncosnt link2 = () =>{\n	Router.push(\'/info?id=123\')\n}\n\nconst page = ()=>{\n    return (\n        <>\n            <div onClick={link1}>点击1</div>\n			<div onClick={link2}>点击1</div>\n        </>\n    )\n}\n\nexport default withRouter(page)\n```\n\n\n## 路由钩子\nnext的路由钩子事件，也就是当路由发生变化时，可以监听到这些变化事件，执行对应的函数。它一共有六个钩子事件：\n\n```\n  Router.events.on(\'routeChangeStart\',(...args)=>{\n    console.log(\'1.routeChangeStart->路由开始变化,参数为:\',...args)\n  })\n\n  Router.events.on(\'routeChangeComplete\',(...args)=>{\n    console.log(\'2.routeChangeComplete->路由结束变化,参数为:\',...args)\n  })\n\n  Router.events.on(\'beforeHistoryChange\',(...args)=>{\n    console.log(\'3,beforeHistoryChange->在改变浏览器 history之前触发,参数为:\',...args)\n  })\n\n  Router.events.on(\'routeChangeError\',(...args)=>{\n    console.log(\'4,routeChangeError->跳转发生错误,参数为:\',...args)\n  })\n\n  Router.events.on(\'hashChangeStart\',(...args)=>{\n    console.log(\'5,hashChangeStart->hash跳转开始时执行,参数为:\',...args)\n  })\n\n  Router.events.on(\'hashChangeComplete\',(...args)=>{\n    console.log(\'6,hashChangeComplete->hash跳转完成时,参数为:\',...args)\n  })\n\n```\n\n## 发送数据请求\nNext.js框架中提供了`getInitialProps` 静态方法用来获取远端数据，一个页面组件只要把访问 API 外部资源的代码放在 getInitialProps 中就足够，其余的不用管，Next.js 自然会在服务器端或者浏览器端调用 getInitialProps 来获取外部资源，并把外部资源以 props 的方式传递给页面组件。\n\n![avatar](http://cdn.lululuting.com/6314a1b0-6535-11ea-9ef1-793305692a81)\n\n## 模块懒加载\n\nNext.js提供LazyLoading用来做“懒加载”.\n它一般分为两种情况，一种是懒加载（或者说是异步加载）模块，另一种是异步加载组件。\n\n懒加载用法：\n\n```\nimport React, {useState} from \'react\'\n//删除import moment\nfunction Time(){\n    const [nowTime,setTime] = useState(Date.now())\n    const changeTime= async ()=>{ //把方法变成异步模式\n        const moment = await import(\'moment\') //等待moment加载完成\n        setTime(moment.default(Date.now()).format()) //注意使用defalut\n    }\n    return (\n        <>\n            <div>显示时间为:{nowTime}</div>\n            <div><button onClick={changeTime}>改变时间格式</button></div>\n        </>\n    )\n}\nexport default Time\n\n// 按F12，看一下Network标签，当我们点击按钮时，才会加载1.js,它就是momnet.js的内容。\n```\n\n懒加载自定义组件：\n```\nimport React, {useState} from \'react\'\nimport dynamic from \'next/dynamic\'\n\nconst One = dynamic(import(\'../components/one\'))\n\nfunction Time(){\n    const [nowTime,setTime] = useState(Date.now())\n    const changeTime= async ()=>{\n        const moment = await import(\'moment\')\n        setTime(moment.default(Date.now()).format())\n    }\n    return (\n        <>\n            <div>显示时间为:{nowTime}</div>\n            <One/>\n            <div><button onClick={changeTime}>改变时间格式</button></div>\n        </>\n    )\n}\nexport default Time\n\n// 只有在jsx里用到<One/>时，才会被加载进来，如果不使用就不会被加载。\n```\n\n## SEO 优化\nnext的核心seo，都是奔着seo来的 不然谁用它？\n语法很简单 `<Head>`里面放需要seo优化的meta标签之类的。可以每个页面用，或抽成一个高阶组件统一调用。随便玩。\n```\nimport Head from \'next/head\'\nfunction Header(){\n    return (\n        <>\n            <Head>\n                <title>首页</title>\n                <meta charSet=\'utf-8\' />\n            </Head>\n            <div>123</div>\n        </>\n    )\n}\nexport default Header\n```\n\n## 打包部署\n```\n  \"scripts\": {\n    \"dev\": \"next dev\",\n    \"build\": \"next build\",\n    \"start\": \"next start\"\n  },\n```\n\n开发环境（本地开发时） `npm run dev`\n生产环境（部署服务器）整个文件丢到服务器再 `cnmp i` + `npm run build `然后 `pm2 start npm -- run start`\n(pm2是一个进程管理工具,可以用它来管理你的node进程，并查看node进程的状态，当然也支持性能监控，进程守护，负载均衡等功能)\n\n好，基础使用就这样子，下面说一下 实际上在开发中遇到的问题。\n\n\n## 开发小结\n\n** Ant Design 引入\n\n既然用的是`react`，那`Ant Design`引入是必不可少的。\n首先引入包，`babel-plugin-import`是antd提供的按需引入插件。\n```\ncnpm i antd babel-plugin-import -S\n```\n装完成后，在项目根目录建立`.babelrc`文件，然后写入如下配置文件（`.babelrc`文件，前面.没有打错哦）。\n `style\": true` true是代表开启antd的css也按需加载，但这里的按需加载有问题的，ntxt版本更的太快了，与antd冲突了，css并没有按需加载，到目前为止antd和next都没有修复这个bug，网上有人说通过写死next的版本号，引入稳定版则可以解决这个问题。都2020年antd4.0都出了，我就没有去尝试过了。。。\n```\n{\n    \"presets\":[\"next/babel\"],  //Next.js的总配置文件，相当于继承了它本身的所有配置\n    \"plugins\":[     // 这个插件就是让antd可以按需引入，包括CSS\n		 // 让我们可以使用根路径，避免相对路径的混乱，如import Head from \'@/components/Head\'\n		[\n		  \"module-resolver\",\n		  {\n			\"alias\": {\n			  \"@\": \"./\"\n			}\n		  }\n		],\n		// 按需加载并且可以使用less的配置\n        [\n            \"import\",\n            {\n                \"libraryName\":\"antd\",\n                 // \"style\": true  //注释掉是因为打包会出错，或者干脆别写这一行，没有删掉留着是给antd和next一个改过的机会\n            }\n        ]\n    ]\n}\n```\n\n既然css没有按需加载了，那就新建./pages/_app.js文件，重写 App 模块如下所示。这里可以引入一下公共的样式,要注意的是 这里的样式是全局的 也就是`全局引入`。\n```\nimport App from \'next/app\'\nimport \'antd/dist/antd.less\'\nimport \'../public/style/global.less\'\nexport default App\n```\n\n如果是单纯的想用用antd这样子就可以了，但是想`自定义配置主题`什么的那得这么玩>>>\n`less-vars-to-js @zeit/next-less @zeit/next-css webpack-filter-warnings-plugin`这些都是需要安装的\n`下面配置支持css和less文件引入`\n\n```\n// 这里是 next.config.js\n\nconst WithCss = require(\'@zeit/next-css\');\nconst withLess = require(\"@zeit/next-less\");\nconst lessToJS = require(\"less-vars-to-js\");\nconst fs = require(\'fs\');\nconst path = require(\'path\');\nconst FilterWarningsPlugin = require(\'webpack-filter-warnings-plugin\'); //安装webpack-filter-warnings-plugin进行webpack 配置,可以忽视掉 chunk styles [mini-css-extract-plugin]的警告\n\n\n// 主题配置\nconst themeVariables = lessToJS(\n  fs.readFileSync(path.resolve(__dirname, \"./public/style/modifyVars.less\"), \"utf8\") // ./public/style/modifyVars.less 就是新建在这个文件夹下面自定义的less文件\n);\n// fix: prevents error when .less files are required by node\nif (typeof require !== \"undefined\") {\n  require.extensions[\".less\"] = file => {};\n}\n\n\nmodule.exports = withLess(\n  WithCss({\n    lessLoaderOptions: {\n      javascriptEnabled: true,\n      modifyVars: themeVariables,\n      localIdentName: \"[local]___[hash:base64:5]\"\n    },\n    distDir: \'build\',\n    generateEtags: false,\n    generateBuildId: async () => {\n      return \'build-\' + Date.now();\n    },\n    webpack: (config) => {\n      config.plugins.push(\n        new FilterWarningsPlugin({\n          exclude: /mini-css-extract-plugin[^]*Conflicting order between:/,\n        })\n      );\n      return config;\n    }\n  })\n);\n\n```\n\n** 开发环境css不加载的问题\n\nnext.config.js是next.js官方为开发者提供个性化配置文件。 静态资源服务有点小坑，img引入url直接链接static 这是没问题的，但是背景图片引入的时候有时候会无法解析，但有时候又可以，另外就是在开发模式下，新路由页面不能及时加载样式文件渲染，再次刷新就可以了，当然在生产环境中，这个问题是没有的，就是这么抽风！！！\n\n\n** 关于本地资源的引用\n\n平时写惯了`./img`这种写法来引入静态资源，但是在next里面是不行的，静态资源要放到根目录的`static`文件下直接`/static/xxx`这样引用!\n\n\n-----------暂时就先这么多，后面遇到了就继续补充(￣▽￣)／-------------\n\n\n', 'next react服务端渲染框架开发记录', 100, 'http://cdn.lululuting.com/9623c4a0-6535-11ea-9ef1-793305692a81', '2020-03-09 20:45:16', 1, 'react,ssr', '0');
INSERT INTO `article` VALUES (8, 3, '零点生活', '你好，今天，今天你是二零贰零年三月九号。今天你过得怎么样？说的是有小雨，可是没有下雨哦，惊喜不:first_quarter_moon_with_face: :fa-pencil-square-o:', '光阴 真是一个经不起浪费的东西呀', 91, 'http://cdn.lululuting.com/2561ad70-6532-11ea-9ef1-793305692a11', '2020-03-09 22:26:42', 2, '', '0');
INSERT INTO `article` VALUES (9, 2, '旅行记录 2019.04.06 清明 东莞之旅', '<div style=\"position: relative; padding: 30% 45%;\">\n\n<iframe style=\"position: absolute; width: 100%; height: 100%; left: 0; top: 0;\" src=\"//player.bilibili.com/player.html?aid=48783349&cid=85428759&page=1\" frameborder=\"no\" scrolling=\"no\"></iframe></div>\n\n\n', '2019.04.06 清明 东莞可园', 21, 'http://cdn.lululuting.com/4013dc90-65de-11ea-9951-f3da136c56eb', '2020-03-13 23:18:59', 1, '东莞,可园', '0');
INSERT INTO `article` VALUES (10, 2, '旅行记录 2019.06 端午 东莞之旅', '\n<div style=\"position: relative; padding: 30% 45%;\">\n<iframe style=\"position: absolute; width: 100%; height: 100%; left: 0; top: 0;\" src=\"//player.bilibili.com/player.html?aid=55780982&cid=97513017&page=1\" frameborder=\"no\" scrolling=\"no\"></iframe></div>\n\n', '2019.06 端午 东莞之旅，没错有去东莞耍啦！', 21, 'http://cdn.lululuting.com/334d6770-65dd-11ea-9951-f3da136c56eb', '2020-03-13 23:25:35', 1, '东莞', '0');
INSERT INTO `article` VALUES (11, 2, '2019.05.18 3R夜行广州城市穿越赛', '<div style=\"position: relative; padding: 30% 45%;\">\n\n<iframe style=\"position: absolute; width: 100%; height: 100%; left: 0; top: 0;\" src=\"//player.bilibili.com/player.html?aid=53028097&cid=92775730&page=1\" frameborder=\"no\" scrolling=\"no\"></iframe></div>\n\n', '2019.05.18， 永泰兵乓球公园， 东山口4号补给点 ，天河体育中心。', 23, 'http://cdn.lululuting.com/54ca4de0-6543-11ea-83fa-9d2fd7c52f28', '2020-03-13 23:57:25', 1, '3R夜跑,马拉松', '0');
INSERT INTO `article` VALUES (12, 2, '2019.06 广州 延迟摄影', '<div style=\"position: relative; padding: 30% 45%;\">\n\n<iframe style=\"position: absolute; width: 100%; height: 100%; left: 0; top: 0;\" src=\"//player.bilibili.com/player.html?aid=57410978&cid=100232484&page=1\" frameborder=\"no\" scrolling=\"no\"></iframe></div>\n\n', '朋友圈拍天桥狂魔.', 26, 'http://cdn.lululuting.com/502134c0-65de-11ea-9951-f3da136c56eb', '2020-03-14 00:03:32', 1, '广州,延迟摄影', '0');
INSERT INTO `article` VALUES (13, 2, '旅行记录 2019.07.05 桂林', '\n<div style=\"position: relative; padding: 30% 45%;\">\n<iframe style=\"position: absolute; width: 100%; height: 100%; left: 0; top: 0;\" src=\"//player.bilibili.com/player.html?aid=60362637&cid=105075249&page=1\" frameborder=\"no\" scrolling=\"no\"></iframe></div>\n\n', '有句话怎么说来着~(´･_･`) 桂林米粉甲天下！', 57, 'http://cdn.lululuting.com/70dfcba0-65f1-11ea-a4b4-691a2c07bea6', '2020-03-14 00:06:31', 1, '桂林,旅游', '0');
INSERT INTO `article` VALUES (14, 2, '2020.02 春节 家', '<div style=\"position: relative; padding: 30% 45%;\">\n\n<iframe style=\"position: absolute; width: 100%; height: 100%; left: 0; top: 0;\" src=\"//player.bilibili.com/player.html?aid=92015582&cid=157112076&page=1\" frameborder=\"no\" scrolling=\"no\"></iframe></div>\n\n', '2020.02  超长假期，在家的日子。', 78, 'http://cdn.lululuting.com/62467070-65de-11ea-9951-f3da136c56eb', '2020-03-14 00:28:59', 1, '星空,家', '0');
INSERT INTO `article` VALUES (15, 1, '常用 utils 工具', '![avatar](http://cdn.lululuting.com/709096a0-71d8-11ea-9ba6-fdf6f3c40acb)\n\n工欲善其事必先利其器，封装一些常用的方法很有必要。以下是我辛辛苦苦从各大网站 论坛 `整理`出来的一些常用方法，希望有点用吧。持续更新————\n\n# 通用类\n\n## 截取指定字节数的字符串\n```\n/**\n * 截取指定字节的字符串\n * @param str 要截取的字符穿\n * @param len 要截取的长度，根据字节计算\n * @param suffix 截取前len个后，其余的字符的替换字符，一般用“…”\n * @returns {*}\n */\nfunction cutString(str, len, suffix) {\n  if (!str) return \"\";\n  if (len <= 0) return \"\";\n  if (!suffix) suffix = \"\";\n  var templen = 0;\n  for (var i = 0; i < str.length; i++) {\n    if (str.charCodeAt(i) > 255) {\n      templen += 2;\n    } else {\n      templen++\n    }\n    if (templen == len) {\n      return str.substring(0, i + 1) + suffix;\n    } else if (templen > len) {\n      return str.substring(0, i) + suffix;\n    }\n  }\n  return str;\n}\n```\n\n\n## 对象克隆&深拷贝\n```\n/**\n * 对象克隆&深拷贝\n * @param obj\n * @returns {{}}\n */\nfunction cloneObj(obj) {\n  var newO = {};\n  if (obj instanceof Array) {\n    newO = [];\n  }\n  for (var key in obj) {\n    var val = obj[key];\n    newO[key] = typeof val === \'object\' ? arguments.callee(val) : val;\n  }\n  return newO;\n};\n```\n\n\n## cookie操作\n```\n//写cookies\nsetCookie = function(name, value, time) {\n  var strsec = getsec(time);\n  var exp = new Date();\n  exp.setTime(exp.getTime() + strsec * 1);\n  document.cookie = name + \"=\" + escape(value) + \";expires=\" + exp.toGMTString();\n}\n//cookie操作辅助函数\ngetsec = function(str) {\n  var str1 = str.substring(1, str.length) * 1;\n  var str2 = str.substring(0, 1);\n  if (str2 == \"s\") {\n    return str1 * 1000;\n  } else if (str2 == \"h\") {\n    return str1 * 60 * 60 * 1000;\n  } else if (str2 == \"d\") {\n    return str1 * 24 * 60 * 60 * 1000;\n  }\n}\n//读取cookies\ngetCookie = function(name) {\n  var arr, reg = new RegExp(\"(^| )\" + name + \"=([^;]*)(;|$)\");\n  if (arr = document.cookie.match(reg)) return (arr[2]);\n  else return null;\n}\n\n//删除cookies\ndelCookie = function(name) {\n  var exp = new Date();\n  exp.setTime(exp.getTime() - 1);\n  var cval = getCookie(name);\n  if (cval != null) document.cookie = name + \"=\" + cval + \";expires=\" + exp.toGMTString();\n}\n```\n\n\n## Rem移动端适配\n```\nvar rem = {\n  baseRem: 40,\n  // 基准字号，按照iphone6应该为20，此处扩大2倍，便于计算\n  baseWidth: 750,\n  // 基准尺寸宽，此处是按照ihpone6的尺寸\n  rootEle: document.getElementsByTagName(\"html\")[0],\n  initHandle: function() {\n    this.setRemHandle();\n    this.resizeHandle();\n  },\n  setRemHandle: function() {\n    var clientWidth = document.documentElement.clientWidth || document.body.clientWidth;\n    this.rootEle.style.fontSize = clientWidth * this.baseRem / this.baseWidth + \"px\";\n  },\n  resizeHandle: function() {\n    var that = this;\n    window.addEventListener(\"resize\",\n    function() {\n      setTimeout(function() {\n        that.setRemHandle();\n      },\n      300);\n    });\n  }\n};\nrem.initHandle();\n```\n\n\n## 动态加载JS\n```\nfunction loadScript(url, callback) {\n  var script = document.createElement(\"script\");\n  script.type = \"text/\";\n  if (typeof(callback) != \"undefined\") {\n    if (script.readyState) {\n      script.onreadystatechange = function() {\n        if (script.readyState == \"loaded\" || script.readyState == \"complete\") {\n          script.onreadystatechange = null;\n          callback();\n        }\n      };\n    } else {\n      script.onload = function() {\n        callback();\n      };\n    }\n  }\n  script.src = url;\n  document.body.appendChild(script);\n}\n```\n\n\n## 移动端H5播放音乐处理，兼容微信端\n```\n/**\n  * 移动端H5播放音乐处理，兼容微信端\n  * @param el 音乐Audio元素\n  */\nfunction playMusic(el) {\n    var b = document.getElementById(el);\n\n    var c = function c() {\n        b.play();\n        document.removeEventListener(\"touchstart\", c, true);\n    };\n\n    b.play();\n    document.addEventListener(\"WeixinJSBridgeReady\", function () {\n        c();\n    }, false);\n    document.addEventListener(\"YixinJSBridgeReady\", function () {\n        c();\n    }, false);\n    document.addEventListener(\"touchstart\", c, true);\n}\n```\n\n\n## 获取类型 => toType\n```\n/**\n * 返回检测类型\n * @param {*} value - 要被检测类型的数据\n * @returns {String}\n */\nexport function toType(value) {\n  return Object.prototype.toString.call(value).slice(8, -1)\n}\n```\n\n\n## h5-blob 下载文件 => downloadFile\n```\n/**\n * h5-blob下载文件\n * @export\n * @param {Object} data - 流内容\n * @param {String} name - 文件名\n * @param {String} type - 文件MimeType\n */\nexport function downloadFile(data, name, type) {\n  const blob = type ? new Blob([data], { \'type\': type }) : new Blob([data])\n  const downloadElement = document.createElement(\'a\')\n  const href = window.URL.createObjectURL(blob) // 创建下载的链接\n  downloadElement.href = href\n  downloadElement.download = name // 下载后文件名\n  document.body.appendChild(downloadElement)\n  downloadElement.click() // 点击下载\n  document.body.removeChild(downloadElement) // 下载完成移除元素\n  window.URL.revokeObjectURL(href) // 释放掉blob对象\n}\n```\n\n\n## 解析下载流文件的信息(axios) => getSteamFileInfo\n```\n/**\n * 解析下载流文件的信息\n * @param {Object} response - 返回体\n * @returns {Object} { name, type }\n */\nexport function getSteamFileInfo(response) {\n  let name = response.headers[\'content-disposition\']\n  name = name.split(\';\')\n  name = name.find(e => ~e.indexOf(\'filename\'))\n  if (name) {\n    name = decodeURIComponent(name.split(\'=\')[1])\n  }\n  return name || \'未命名文件\'\n}\n```\n\n## 生成一个指定位数的随机数 => rndNum\n```\n/**\n * 生成一个指定位数的随机数\n * @export\n * @param {Number} n - 位数\n * @returns\n */\nexport function rndNum(n) {\n  let rnd = \'\'\n  for (var i = 0; i < n; i++) {\n    rnd += Math.floor(Math.random() * 10)\n  }\n  return rnd\n}\n```\n\n\n## 自动控制 promise => autoLoading to\n\n```\n/**\n * 自动控制loading\n * @param {Object} context - 源对象的上下文\n * @param {[String, Array]} loading - key\n * @param {Boolean} is - true/false\n * @param {Object} self - this的上下文\n */\nconst autoLoading = (context, loading, is, self) => {\n  // 如果没传上下文时，则不用操作loading\n  if (!context || toType(context) !== \'Object\') return\n\n  // !请求记录，是为了防止axios有检测重复请求时，当上一个请求检测重复时，这里会关闭loading\n  // !所以这里检测当关闭loading时，则remove本身的context，然后继续检测还有没有上一个相同的context时\n  // !有的话，则不用关闭，直接return\n  // !只有当最后一个context则才会关闭loading\n\n  // 如果是开启loading则记一个请求记录\n  autoLoading.pending = autoLoading.pending || []\n  if (is) {\n    autoLoading.pending.push(context)\n  }\n\n  // 判断是否有存在过上下文\n  const isExistContext = (pending, context) => {\n    return pending.findIndex(e => e === context)\n  }\n\n  // loading开关\n  const handleLoading = (context, loading, is, self) => {\n    if (!is) {\n      // 当关闭的时候销毁自身请求记录\n      autoLoading.pending.splice(isExistContext(autoLoading.pending, context), 1)\n\n      // 再次判断还有存在上下文\n      // 如果有，则说明上一个请求还在ing中，那么就不用关闭\n      // 否则，则正常流程走\n      const isExist = !!~isExistContext(autoLoading.pending, context)\n      if (isExist) return\n    }\n    if (self) {\n      self.$set(context, loading, is)\n    } else {\n      if (context[loading] !== undefined) context[loading] = is\n    }\n  }\n\n  if (Array.isArray(loading)) {\n    loading.forEach(e => {\n      handleLoading(context, e, is, self)\n    })\n  } else {\n    handleLoading(context, loading, is, self)\n  }\n}\n\n/**\n * 局部请求接口进行统一处理，支持单个/多个方法\n * @param {[Promise, Array]} promise - 异步方法\n * @param {Object} context - 源对象的上下文\n * @param {[String, Array]} - 要设置loading的key\n * @param {Object} self - this的上下文\n * @param {String} promiseMethod - promise原型链方法\n */\nexport const to = (method, context, loading = \'loading\', self, promiseMethod = \'all\') => {\n  if (toType(method) !== \'Array\') method = [method]\n  // await this.$to(method)\n  // 开启loading\n  autoLoading(context, loading, true, self)\n  return Promise[promiseMethod](method)\n    .then(res => [null, ...res])\n    .catch(err => [err])\n    .finally(() => {\n      // 关闭loading\n      autoLoading(context, loading, false, self)\n    })\n}\n```\n使用\n```\nexport default {\n  data() {\n    return {\n      loading: false\n    }\n  },\n  methods: {\n    // 一个请求数据的方法\n    async getData() {\n      const [err, res] = await to(\n        axios(url), // axios返回promise结果\n        this\n      )\n      console.log(err, res)\n    }\n  }\n}\n```\n\n## 字符串占位符替换 => stringFormat\n```\n/**\n * 字符串占位符替换\n * @export\n * @param {String} str - 待替换的字符串\n * @param {Array} args\n */\nexport function stringFormat(str, ...args) {\n  if (!args.length) return str\n\n  for (let i = 0; i < args.length; i++) {\n    str = str.replace(new RegExp(\'\\\\{\' + i + \'\\\\}\', \'g\'), args[i] || i)\n  }\n  return str\n}\n```\n\n\n## 生成指定范围的随机数 => randomNum\n```\n/**\n * 生成指定范围的随机数\n * @export\n * @param {Number} minNum - 最小值\n * @param {Number} maxNum - 最大值\n * @returns\n */\nexport function randomNum(minNum, maxNum) {\n  switch (arguments.length) {\n    case 1:\n      return parseInt(Math.random() * minNum + 1, 10)\n    case 2:\n      return parseInt(Math.random() * (maxNum - minNum + 1) + minNum, 10)\n    default:\n      return 0\n  }\n}\n```\n\n\n## 图片转为 base64 => getBase64\n```\n/**\n * 图片转为base64\n * @param {String} src - 图片url\n */\nexport function getBase64(src) {\n  return new Promise((resolve, reject) => {\n    const image = new Image()\n    image.setAttribute(\'crossOrigin\', \'Anonymous\')\n    image.src = src\n    image.onload = ({ target }) => {\n      const canvas = document.createElement(\'canvas\')\n      canvas.width = target.width\n      canvas.height = target.height\n      const ctx = canvas.getContext(\'2d\')\n      ctx.drawImage(target, 0, 0, target.width, target.height)\n      const ext = target.src.substring(target.src.lastIndexOf(\'.\') + 1).toLowerCase()\n      const dataURL = canvas.toDataURL(\'image/\' + ext)\n      resolve(dataURL)\n    }\n    image.onerror = (err) => {\n      reject(err)\n    }\n  })\n}\n```\n\n\n## 文件换算大小 => getFileSize\n```\n/**\n * 文件换算大小\n * @param {Number} fileSizeByte - 文件大小(kb)\n */\nexport function getFileSize(fileSizeByte) {\n  let fileSizeMsg = \'\'\n  if (fileSizeByte < 1048576)\n    fileSizeMsg = (fileSizeByte / 1024).toFixed(2) + \'KB\'\n  else if (fileSizeByte === 1048576) fileSizeMsg = \'1MB\'\n  else if (fileSizeByte > 1048576 && fileSizeByte < 1073741824)\n    fileSizeMsg = (fileSizeByte / (1024 * 1024)).toFixed(2) + \'MB\'\n  else if (fileSizeByte > 1048576 && fileSizeByte === 1073741824)\n    fileSizeMsg = \'1GB\'\n  else if (fileSizeByte > 1073741824 && fileSizeByte < 1099511627776)\n    fileSizeMsg = (fileSizeByte / (1024 * 1024 * 1024)).toFixed(2) + \'GB\'\n  else fileSizeMsg = \'文件超过1TB\'\n  return fileSizeMsg\n}\n```\n\n\n\n# vue\n\n## 父子组件用 .sync => getSet\n```\n/**\n * 对于父子组绑定的sync使用\n * 在子组件中的computed调用\n * @export get/set\n * @param {*} value\n */\nexport function getSet(value, setFn) {\n  return {\n    get() {\n      return this[value]\n    },\n    set(nd) {\n      if (setFn) {\n        setFn(nd)\n      } else {\n        this.$emit(`update:${value}`, nd)\n      }\n    }\n  }\n}\n```\n使用\n\n```\nexport default {\n  props: {\n    value: {\n      type: String,\n      default: \'\'\n    }\n  },\n  computed: {\n    upValue: getSet(\'value\')\n  },\n  created() {\n    this.upValue = 123 // 改变传进来的值为 123\n  }\n}\n```\n\n\n## 节流/防抖组件\n组件事件节流/防抖\n支持传入组件和普通 html\n\n```\n/**\n * 防抖/节流\n * @param {Function} fn - 调用的函数\n * @param {Number} wait - 时间间隔\n * @param {Boolean} isDebounce - true为防抖，false为节流，默认是false\n * @param {Object} ctx - 上下文\n */\nconst throttle = function (fn, wait = 50, isDebounce, ctx) {\n  let timer\n  let lastCall = 0\n  return function (...params) {\n    if (isDebounce) {\n      if (timer) clearTimeout(timer)\n      timer = setTimeout(() => {\n        fn.apply(ctx, params)\n      }, wait)\n    } else {\n      const now = new Date().getTime()\n      if (now - lastCall < wait) {\n        return\n      }\n      lastCall = now\n      fn.apply(ctx, params)\n    }\n  }\n}\n\nexport default {\n  name: \'Throttle\',\n  abstract: true, // 抽象组件\n  props: {\n    time: { // 时间间隔\n      type: Number,\n      default: 300\n    },\n    events: { // 事件列表，click,dblclick...\n      type: String,\n      default: \'\'\n    },\n    isDebounce: { // 触发的是节流还是防抖\n      type: Boolean,\n      default: false // false为节流，true为防抖\n    },\n    type: { // true:listeners, false:普通事件\n      type: Boolean,\n      default: false\n    }\n  },\n  created() {\n    this.eventKeys = this.events.split(\',\').map(e => e.replace(/(^\\s*)|(\\s*$)/g, \'\'))\n    this.originMap = {}\n    this.throttledMap = {}\n  },\n  render() {\n    const vnode = this.$slots.default[0]\n    this.eventKeys.forEach((key) => {\n      const list = this.type ? vnode.componentOptions.listeners : vnode.data.on\n      const target = list[key] || {}\n      if (target === this.originMap[key] && this.throttledMap[key]) {\n        list[key] = this.throttledMap[key]\n      } else if (target) {\n        this.originMap[key] = target\n        this.throttledMap[key] = throttle(target, this.time, this.isDebounce, vnode)\n        list[key] = this.throttledMap[key]\n      }\n    })\n    return vnode\n  }\n}\n```\n使用\n```\n<template>\n  <throttle time=\"300\" events=\"click, dbclick\" isDebounce>\n    <span @click=\"handleClick\" @dbclick=\"handleDbclick\">点击/双击</span>\n  </throttle>\n</template>\n\n<script>\nimport throttle from \'throttle\'\nexport default {\n  components: { throttle },\n  methods: {\n    handleClick() {\n      // 300毫秒内只能触发一次\n      console.log(\'单击\')\n    },\n    handleDbclick() {\n      // 300毫秒内只能触发一次\n      console.log(\'双击\')\n    }\n  }\n}\n</script>\n```\n\n-----------------------持续更新--------------------------', '干货', 69, 'http://cdn.lululuting.com/7d1c4220-71d8-11ea-9ba6-fdf6f3c40acb', '2020-03-29 17:16:58', 1, '工具类,常用', '0');
INSERT INTO `article` VALUES (16, 1, 'css的一些奇巧淫技', '\n\n# 格子背景\n```\n.lattice{\n	background: -webkit-linear-gradient(top, transparent 19px, #ececec 20px), -webkit-					linear-gradient(left, transparent 19px, #ececec 20px)\n	ackground-size: 20px 20px;\n}\n\n```\n效果：\n\n![avatar](http://cdn.lululuting.com/0a2bbdc0-71cb-11ea-85e0-b7c9d879a372)\n\n实践:\n<iframe height=\"265\" style=\"width: 100%;\" scrolling=\"no\" title=\"格子背景\" src=\"https://codepen.io/lululuting/embed/preview/poJGvKg?height=265&theme-id=dark&default-tab=css,result\" frameborder=\"no\" allowtransparency=\"true\" allowfullscreen=\"true\">\n  See the Pen <a href=\'https://codepen.io/lululuting/pen/poJGvKg\'>格子背景</a> by 陆挺\n  (<a href=\'https://codepen.io/lululuting\'>@lululuting</a>) on <a href=\'https://codepen.io\'>CodePen</a>.\n</iframe>\n\n\n\n# 同级变淡\n```\n// html\n<div class=\"sibling-fade\">\n  <span>Item 1</span>\n  <span>Item 2</span>\n  <span>Item 3</span>\n  <span>Item 4</span>\n  <span>Item 5</span>\n  <span>Item 6</span>\n</div>\n\n// css\nspan {\n  padding: 0 1rem;\n  transition: opacity 0.2s;\n}\n.sibling-fade:hover span:not(:hover) {\n  opacity: 0.5;\n}\n```\n实践:\n<iframe height=\"265\" style=\"width: 100%;\" scrolling=\"no\" title=\"同级变淡\" src=\"https://codepen.io/lululuting/embed/bGVbbjj?height=265&theme-id=dark&default-tab=html,result\" frameborder=\"no\" allowtransparency=\"true\" allowfullscreen=\"true\">\n  See the Pen <a href=\'https://codepen.io/lululuting/pen/bGVbbjj\'>同级变淡</a> by 陆挺\n  (<a href=\'https://codepen.io/lululuting\'>@lululuting</a>) on <a href=\'https://codepen.io\'>CodePen</a>.\n</iframe>\n', '简单 神奇', 81, 'http://cdn.lululuting.com/8b938340-71d3-11ea-8260-2b68f392b318', '2020-03-29 22:40:04', 1, 'css,奇巧淫技', '0');
INSERT INTO `article` VALUES (17, 1, '2020 前端面试指北', '又到一年一度的金三银四的跳槽季，不过今年收疫情影响，倒闭的公司一大把，面试的人也超级多，竞争非常大。现在的公司都在精挑细选的挑人，不管你面试发挥有多好，面完都是叫回去等通知，因为他们在一一对比找一个`性价比`高的。想跳槽的小伙伴 慎重！。\n\n我最近面了几波效果都不太理想。问的一些问题有些答上了也是答了个大概，一深问立马就不行了。有些则是听都没听说过。。。哎，太菜了，总结一下最近的面试吧，也算是一些经验。\n**不过，本人学识有限 文章多有不足，若有错误 请大方指出 以免误导他人**\n\n# 基础类\n## 1.Css的选择器有哪些？\n你敢相信这个问题竟然出现了两次。好吧，当时问我的时候我也是一时愣着住了，不过还是答了上一些。再问自杀。\n\n- 基本选择器：`标签选择器（div、p 这些）` `id选择器（#）` `类选择器（.）` `通用选择器（*）`\n\n- 高级选择器： `后代选择器（用空格隔开）` `交集选择器：（用.隔开）` `并集选择器（分组选择器）：用逗号隔开` `伪类选择器` `紧邻下级选择器 （>）` `下一个兄弟选择器 (+)`\n\n\n还有一些忘了，答上这些也差不多了吧。\n\n\n## 2.Css有哪些继承属性？\n\n这个问题也是突然一愣，想了想 我就回答 `字体` `颜色` 这些，面试官也是点了点头~~~ 后面回来查查，其实远远不止这些...\n\n**有继承性的属性：**\n1、字体系列属性\nfont：组合字体\nfont-family：规定元素的字体系列\nfont-weight：设置字体的粗细\nfont-size：设置字体的尺寸\nfont-style：定义字体的风格\nfont-variant：设置小型大写字母的字体显示文本，这意味着所有的小写字母均会被转换为font-stretch：允许你使文字变宽或变窄。所有主流浏览器都不支持\nfont-size-adjust：为某个元素规定一个 aspect 值，字体的小写字母 “x” 的高度与 “font-size” 高度之间的比率被称为一个字体的 aspect 值。这样就可以保持首选字体的 x-height。\n2、文本系列属性\ntext-indent：文本缩进\ntext-align：文本水平对齐\nline-height：行高\nword-spacing：增加或减少单词间的空白（即字间隔）\nletter-spacing：增加或减少字符间的空白（字符间距）\ntext-transform：控制文本大小写\ndirection：规定文本的书写方向\ncolor：文本颜色\n3、元素可见性：visibility\n4、表格布局属性：caption-side、border-collapse、border-spacing、empty-cells、table-layout\n5、列表属性：list-style-type、list-style-image、list-style-position、list-style\n6、生成内容属性：quotes\n7、光标属性：cursor\n8、页面样式属性：page、page-break-inside、windows、orphans\n9、声音样式属性：speak、speak-punctuation、speak-numeral、speak-header、 speech-rate、volume、voice-family、pitch、pitch-range、 stress、richness、、azimuth、elevation\n\n**所有元素可以继承的属性：**\n1、元素可见性：visibility、opacity\n2、光标属性：cursor\n\n内联元素可以继承的属性:\n1、字体系列属性\n2、除text-indent、text-align之外的文本系列属性\n\n**块级元素可以继承的属性:**\n1、text-indent、text-align\n\n**无继承的属性**\n1、display\n2、文本属性：vertical-align： text-decoration： text-shadow： white-space： unicode-bidi：\n3、盒子模型的属性:宽度、高度、内外边距、边框等\n4、背景属性：背景图片、颜色、位置等\n5、定位属性：浮动、清除浮动、定位position等\n6、生成内容属性:content、counter-reset、counter-increment\n7、轮廓样式属性:outline-style、outline-width、outline-color、outline\n8、页面样式属性:size、page-break-before、page-break-after\n继承中比较特殊的几点\n1、a 标签的字体颜色不能被继承\n2、h1-h6标签字体的大小是不能被继承的因为它们都有一个默认值\n\n\n## 3.BFC?\n说实话我没遇问这个的，我不知道就问这个概念有什么用。我同事遇到了，也记一下吧。\n\nBFC规范(块级格式化上下文：block formatting context)\n\n**BFC有以下特性：**\n\n- 1、内部的Box会在垂直方向，从顶部开始一个接一个地放置。\n- 2、Box垂直方向的距离由margin决定。属于同一个BFC的两个相邻Box的margin会发生叠加\n- 3、每个元素的margin box的左边， 与包含块border box的左边相接触(对于从左往右的格式化，否则相反)。即使存在浮动也是如此。\n- 4、BFC的区域不会与float box叠加。\n- 5、BFC就是页面上的一个隔离的独立容器，容器里面的子元素不会影响到外面的元素，反之亦然。\n- 6、计算BFC的高度时，浮动元素也参与计算。\n\n**那么我们怎样做就可以触发BFC呢**\n\n- float 除了none以外的值 overflow 除了visible 以外的值（hidden，auto，scroll ）\n- display (table-cell，table-caption，inline-block, flex, inline-flex)\n- position值为（absolute，fixed） fieldset元素\n- fieldset元素 在以上情况下可以创建BFC\n\n**BFC可以解决的问题**\n\n- margin叠加的问题，我们将某个元素放到我们新建的BFC里面就可以避免margin叠加、\n- 对于左右布局的元素，我们可以给右侧的元素添加overflow:hidden或者auto，左侧的是float:left\n- 可以清除浮动，计算BFC高度，浮动元素不会撑开父元素的高度，我们可以让父元素触发BFC,即使用overflow:hidden\n\n## 4.从输入URL到页面加载发生了什么?\n对嘛，问一下这些有点难度的才对嘛。虽然我也不是很懂，背一下还是可以的~\n\n1、浏览器查找当前URL是否存在缓存，并比较缓存是否过期 然后 DNS域名解析\n2、发起TCP连接（三次握手）\n3、发送HTTP请求\n4、服务器处理请求并返回HTTP报文\n5、浏览器解析渲染页面\n6、断开TCP连接（四次挥手）\n\n## 5.HTTP状态码有哪些说说你知道的\n这个，这个 当前端的谁不知道。经常遇到的有 `200` `304` `500` `401` `403` `404` `502` 这些，其他的一般不会遇到，遇到再百度吧。\n这可能是个送分题吧。\n\n200    OK    请求成功。一般用于GET与POST请求\n201    Created    已创建。成功请求并创建了新的资源\n202    Accepted    已接受。已经接受请求，但未处理完成\n203    Non-Authoritative Information    非授权信息。请求成功。但返回的meta信息不在原始的服务器，而是一个副本\n204    No Content    无内容。服务器成功处理，但未返回内容。在未更新网页的情况下，可确保浏览器继续显示当前文档\n205    Reset Content    重置内容。服务器处理成功，用户终端（例如：浏览器）应重置文档视图。可通过此返回码清除浏览器的表单域\n206    Partial Content    部分内容。服务器成功处理了部分GET请求\n300    Multiple Choices    多种选择。请求的资源可包括多个位置，相应可返回一个资源特征与地址的列表用于用户终端（例如：浏览器）选择\n301    Moved Permanently    永久移动。请求的资源已被永久的移动到新URI，返回信息会包括新的URI，浏览器会自动定向到新URI。今后任何新的请求都应使用新的URI代替\n302    Found    临时移动。与301类似。但资源只是临时被移动。客户端应继续使用原有URI\n303    See Other    查看其它地址。与301类似。使用GET和POST请求查看\n304    Not Modified    未修改。所请求的资源未修改，服务器返回此状态码时，不会返回任何资源。客户端通常会缓存访问过的资源，通过提供一个头信息指出客户端希望只返回在指定日期之后修改的资源\n305    Use Proxy    使用代理。所请求的资源必须通过代理访问\n306    Unused    已经被废弃的HTTP状态码\n307    Temporary Redirect    临时重定向。与302类似。使用GET请求重定向\n400    Bad Request    客户端请求的语法错误，服务器无法理解\n401    Unauthorized    请求要求用户的身份认证\n402    Payment Required    保留，将来使用\n403    Forbidden    服务器理解请求客户端的请求，但是拒绝执行此请求\n404    Not Found    服务器无法根据客户端的请求找到资源（网页）。通过此代码，网站设计人员可设置\"您所请求的资源无法找到\"的个性页面\n500    Internal Server Error    服务器内部错误，无法完成请求\n501    Not Implemented    服务器不支持请求的功能，无法完成请求\n502    Bad Gateway    作为网关或者代理工作的服务器尝试执行请求时，从远程服务器接收到了一个无效的响应\n503    Service Unavailable    由于超载或系统维护，服务器暂时的无法处理客户端的请求。延时的长度可包含在服务器的Retry-After头信息中\n504    Gateway Time-out    充当网关或代理的服务器，未及时从远端服务器获取请求\n505    HTTP Version not supported    服务器不支持请求的HTTP协议的版本，无法完成处理\n\n\n## 6.闭包！！！\n`闭迟但到`，闭包可能会晚点问，但永远不会缺席。闭包真是面试的常客啊，基本每次面试都问到！不过问的不是很深，(我能背出来了) 就简单问问概念性的东西，比较口头上也问不出什么所以然来，我认为闭包难就难在`笔试`的面试题上~\n\n**1.什么是闭包？**\n`闭包是指有权访问另外一个函数作用域中的变量的函数。可以理解为(能够读取另一个函数作用域的变量的函数)`\n\n**2.闭包怎么写？**\n```\nfunction outer() {\n     var  a = \'变量1\'\n     var  inner = function () {\n            console.info(a)\n     }\n    return inner    // inner 就是一个闭包函数，因为他能够访问到outer函数的作用域\n}\nvar  inner = outer()   // 获得inner闭包函数\ninner()   //\"变量1\"\n```\n当程序执行完var inner = outer()，其实outer的执行环境并没有被销毁，因为他里面的变量a仍然被被inner的函数作用域链所引用，当程序执行完inner(), 这时候，inner和outer的执行环境才会被销毁调；《JavaScript高级编程》书中建议：由于闭包会携带包含它的函数的作用域，因为会比其他函数占用更多内容，过度使用闭包，会导致内存占用过多。\n\n**3.闭包有哪些坑点？**\n坑点1 `引用的变量可能发生变化`\n```\nfunction outer() {\n      var result = [];\n      for （var i = 0； i<10; i++）{\n        result.[i] = function () {\n            console.info(i)\n        }\n     }\n     return result\n}\n```\n看样子result每个闭包函数对打印对应数字，1,2,3,4,...,10, 实际不是，因为每个闭包函数访问变量i是outer执行环境下的变量i，随着循环的结束，i已经变成10了，所以执行每个闭包函数，结果打印10， 10， ..., 10\n怎么解决这个问题呢？\n```\nfunction outer() {\n      var result = [];\n      for （var i = 0； i<10; i++）{\n        result[i] = function (num) {\n             return function() {\n                   console.info(num);    // 此时访问的num，是上层函数执行环境的num，数组有10个函数对象，每个对象的执行环境下的number都不一样\n             }\n        }(i)\n     }\n     return result\n}\n```\n\n坑点2: `this指向问题`\n```\nvar object = {\n     name: \'\'object\"，\n     getName： function() {\n        return function() {\n             console.info(this.name)\n        }\n    }\n}\nobject.getName()()    // underfined\n// 因为里面的闭包函数是在window作用域下执行的，也就是说，this指向windows\n```\n\n坑点3：`内存泄露问题`\n```\nfunction  showId() {\n    var el = document.getElementById(\"app\")\n    el.onclick = function(){\n      aler(el.id)   // 这样会导致闭包引用外层的el，当执行完showId后，el无法释放\n    }\n}\n\n// 改成下面\nfunction  showId() {\n    var el = document.getElementById(\"app\")\n    var id  = el.id\n    el.onclick = function(){\n      aler(id)   // 这样会导致闭包引用外层的el，当执行完showId后，el无法释放\n    }\n    el = null    // 主动释放el\n}\n```\n\n技巧1： `用闭包解决递归调用问题`\n```\nfunction  factorial(num) {\n   if(num<= 1) {\n       return 1;\n   } else {\n      return num * factorial(num-1)\n   }\n}\nvar anotherFactorial = factorial\nfactorial = null\nanotherFactorial(4)   // 报错 ，因为最好是return num* arguments.callee（num-1），arguments.callee指向当前执行函数，但是在严格模式下不能使用该属性也会报错，所以借助闭包来实现\n\n\n// 使用闭包实现递归\nfunction newFactorial = (function f(num){\n    if(num<1) {return 1}\n    else {\n       return num* f(num-1)\n    }\n}) //这样就没有问题了，实际上起作用的是闭包函数f，而不是外面的函数newFactorial\n```\n\n技巧2：`用闭包模仿块级作用域`\nes6没出来之前，用var定义变量存在变量提升问题, 现在大多用es6的`let` 和 `const` 定义就没有了。\n```\nfor(var i=0; i<10; i++){\n    console.info(i)\n}\nalert(i)  // 变量提升，弹出10\n\n//为了避免i的提升可以这样做\n(function () {\n    for(var i=0; i<10; i++){\n         console.info(i)\n    }\n})()\nalert(i)   // underfined   因为i随着闭包函数的退出，执行环境销毁，变量回收\n```\n\n**4.使用闭包的注意点**\n（1）由于闭包会使得函数中的变量都被保存在内存中，内存消耗很大，所以`不能滥用`闭包，否则会造成网页的`性能问题`，在IE中可能导致`内存泄露`。解决方法是，在退出函数之前，将不使用的局部变量全部`删除`。\n（2）闭包会在父函数外部，改变父函数内部变量的值。所以，如果你把父函数当作对象（object）使用，把闭包当作它的公用方法（Public Method），把内部变量当作它的私有属性（private value），这时一定要小心，`不要随便改变父函数内部变量的值`。\n\n\n个人感觉，简单来说闭包就是在函数里面声明函数，本质上说就是在函数内部和函数外部搭建起一座桥梁，使得`子函数可以访问父函数中所有的局部变量`，但是反之不可以，这只是闭包的作用之一，另一个作用，则是`保护变量不受外界污染`，使其一直存在内存中，在工作中我们还是少使用闭包，因为闭包`太消耗内存`，不到万不得已的时候尽量不使用。\n\n\n## 7.遇到过跨域问题吗？\n跨域也是面试常客，别问 问就nginx代理\n\n**什么是跨域？**\n浏览器同源策略（`协议`+`端口号`+`域名`要相同）不同就会产生跨域\n\n**跨域怎么解决？**\n1、`jsonp`跨域(只能解决get）\n原理：动态创建一个script标签。利用script标签的src属性不受同源策略限制，因为所有的src属性和href属性都不受同源策略的限制，可以请求第三方服务器资源内容\n\n2、服务器设置对`CORS`的支持\n原理：服务器设置Access-Control-Allow-Origin HTTP响应头之后，浏览器将会允许跨域请求\n\n3、`nginx` 反响代理\n原理：监听同一个域名和端口，不同路径转发到客户端和服务器，把不同端口和域名的限制通过反向代理，来解决跨域问题。\n\n\n## 8.Nginx用过吗？\n一直以为Nginx是后端问题，直到我来到了恒企。后端不管你，运维也不给你配~~ 与其跟他们扯皮还不如自己动手丰衣足食。\n我们也不搞什么复杂的负载均衡 什么高并发这些，只要能处理我们平时日常开发的接口跨域问题就够了，其他Nginx的知识有这种需求再去学不迟。\n\n\n**什么是Nginx?**\n\nNginx (读作”engine X”) 由Igor Sysoev(俄罗斯)于2005年编写，是一个免费、开源、高性能的HTTP服务器和反向代理，也可以作为一个IMAP/POP3代理服务器。enenenen...反正很牛逼就是了。\n\n**Nginx在前端的简单应用**\n\n部署单页面应用：\n首先 单页面应用打包出来了就是一个静态资源，只要往服务器的文件夹一丢。然后`代理网站域名的80端口`，然后再root`指向静态资源的文件夹`就完事了。\n`nginx.conf`配置：\n```\n    server{\n        listen 80;\n        server_name 你的域名比如（admin.lululuting.com）;\n\n        location / {\n			# root 根目录\n            root /var/www/tingGeBlog/admin;\n			# 这个解决单页面刷新404的问题\n            try_files $uri $uri/ /index.html;\n			#设置默认页\n            index index.html;\n        }\n    }\n```\n\n反向代理api接口：\n平时我们对接接口时都喜欢 用 `/api/user/getUserInfo` 这种连接去发送请求数据, 如果不做代理的话，那浏览器请求的地址就是 `http://localhost:8080/api/user/getuserInfo`(假如是8080端口) 这样子的。如果你本地没有起8080端口的接口服务的话，那么就是`无法访问此网站`报错。\n\n怎么呢办呢?\n\n现在一般 vue/react 的脚手架都会集成proxy代理服务，原理就是`npm run dev/start`启动项目时的本地的node服务会帮你代理。在开发阶段只需要在你的工程文件中找到`config`的配置文件代理一下。\n\n```\n // 代理\n  proxy: {\n    \'/api/\': {\n      target: \'http://192.168.0.1:7001/admin\',\n      changeOrigin: true,\n      pathRewrite: { \'^/api\': \'\' },\n    }\n  },\n```\n但是这只是`开发环境下有效`，因为打包后丢服务器都是静态资源，不存在什么node服务，自然就失效了。\n这时候就需要在服务器环境下 配置Nginx 进行代理了。\n\n只需要 加多一行 `location /api/` 然后 `proxy_pass` 到你要的url。\n```\n server{\n        listen 80;\n        server_name 你的域名比如（admin.lululuting.com）;\n\n        location / {\n			# root 根目录\n            root /var/www/tingGeBlog/admin;\n			# 这个解决单页面刷新404的问题\n            try_files $uri $uri/ /index.html;\n			#设置默认页\n            index index.html;\n        }\n        location /api/ {\n            proxy_pass  http://192.168.0.1:7001/admin/;\n        }\n    }\n```\n搞好代理后, 再发起 `/api/user/getUserInfo` 的请求，Nginx会首先监测到 `api` 这个字符，然后改写你的请求地址变成 `http://192.168.0.1:7001/admin/user/getUserInfo`. 如果你接口没写错，那应该是成功了。\n\nNginx 不单单只是代理这么简单，还可以\n- 1.判断pc或者手机 跳转不一样的地址\n- 2.gizp 压缩 优化访问速度\n- 3.设置缓存规则 header头 上传文件大小限制 这些\n- 4.等等等等等等等等等等等等\n\n这里只是简单代理一下接口，其他一些高深用法 请另行百度哈\n\n\n## 9.判断一个变量是对象还是数组\n推荐使用 `Object.prototype.toString.call()`\n\n首先 typeOf()是判断`基本类型`的 Boolean, Number, symbol, undefined, String。对于引用类型：除function，都返回object   null返回object。`不能用`\n要想区分对象、数组、函数、单纯使用typeof是不行的。在JS中，可以通过`Object.prototype.toString`方法，判断某个对象之属于哪种`内置类型`。\n```\nObject.prototype.toString.call(null); // \"[object Null]\"\nObject.prototype.toString.call(undefined); // \"[object Undefined]\"\nObject.prototype.toString.call(“abc”);// \"[object String]\"\nObject.prototype.toString.call(123);// \"[object Number]\"\nObject.prototype.toString.call(true);// \"[object Boolean]\"\n```\n\n\n\n## 10.前端有哪些页面优化方法?\n这也是经常问的，来来回回就那样，可能面试官就喜欢这样子走走过场吧~~\n\n1. 减少 HTTP请求数\n2. 从设计实现层面简化页面\n3. 合理设置 HTTP缓存\n4. 资源合并与压缩\n5. 合并 CSS图片，减少请求数的又一个好办法。\n6. 将外部脚本置底（将脚本内容在页面信息内容加载后再加载）\n7. 多图片网页使用图片懒加载。\n8. 在js中尽量减少闭包的使用\n9. 尽量合并css和js文件\n10. 尽量使用字体图标或者SVG图标，来代替传统的PNG等格式的图片\n11. 减少对DOM的操作\n12. 在JS中避免“嵌套循环”和 “死循环”\n13. 尽可能使用事件委托（事件代理）来处理事件绑定的操作\n14. 有条件的话 静态资源上cdn，搞大点服务器带宽\n\n\n## 11.描述一下XSS和CRSF攻击？防御方法？\n会问，但不是很经常\n\n参考回答：\n`XSS`, 即为（Cross Site Scripting）, 中文名为跨站脚本, 是发生在目标用户的浏览器层面上的，当渲染DOM树的过程成发生了不在预期内执行的JS代码时，就发生了XSS攻击。大多数XSS攻击的主要方式是嵌入一段远程或者第三方域上的JS代码。实际上是在目标网站的作用域下执行了这段js代码。\n`CSRF`（Cross Site Request Forgery，跨站请求伪造），字面理解意思就是在别的站点伪造了一个请求。专业术语来说就是在受害者访问一个网站时，其 Cookie 还没有过期的情况下，攻击者伪造一个链接地址发送受害者并欺骗让其点击，从而形成 CSRF 攻击。\n\n**XSS防御的总体思路是：**\n对输入(和URL参数)进行过滤，对输出进行编码。也就是对提交的所有内容进行过滤，对url中的参数进行过滤，过滤掉会导致脚本执行的相关内容；然后对动态输出到页面的内容进行html编码，使脚本无法在浏览器中执行。虽然对输入过滤可以被绕过，但是也还是会拦截很大一部分的XSS攻击。\n\n**防御CSRF 攻击主要有三种策略：**\n验证 HTTP Referer 字段；在请求地址中添加 token 并验证；在 HTTP 头中自定义属性并验证。\n\n## 12.谈谈设计模式 常见的有什么，你用的那些最多？\n\n## 13.谈谈 js中的事件流 和 事件传递\n\n## 14.数据类型和内存堆栈关系?\n\n## 15.call和apply 有什么作用和区别？\n\n## 16.http和https区别，websocket用过吗？了解过TCP吗？\n\n## 17.谈谈你对原型和原型链的理解\n\n## 18.谈谈webpack的工作流，自己会diy配置插件吗？\n\n\n# 功能类\n就喜欢被问功能类的问题，觉得比较务实。问思路，真没怕过。\n\n## 1.登录的流程问题\n这个也经常问，频率不高，但是作为开发必须要弄清楚。\n\n我说说我平时系统的登录是怎么做的：\n\n1. 除了登录接口，其他接口都是要进行token校验，如发现token不合法或者过期,返回状态码`401`！\n2. ajax请求库 统一封装拦截器 header头报携带上token, 统一处理 200 500 401 这些状态码。由后端设置token过期时间，如有401状态返回， 前端要`清除` loaclStorage/cookie 里存放的用户信息，然后跳转login页。\n3. 当用户成功登录后, loaclStorage/cookie （别放vuex/redux）设置保留用户的Token, 然后每次请求就从 loaclStorage/cookie里拿`最新的`token信息就ok了，如果过期，自然会跳转到登录页。\n3. 配合 vue的路由守卫/react的高阶组件 在`进入目标页面前` 判断是否为登录状态，是就下一步，否就清除 loaclStorage/cookie 里存放的token信息，跳转login页。\n4. 退出登录要清除 loaclStorage/cookie 里存放的token信息。\n\ntoken为什么要放 loaclStorage/cookie 呢？因为我要做免密登录，在token未过期的时间段内用户可以随便玩，如果你没有这个需求你可以放`sessionStorage`, 但不要傻逼的放vuex/redux里面。\n\n## 2.浏览器缓存问题\n会问，遇到过两次。也是答了个大概~~\n\n首先http缓存分为两种，`强缓存` 200 from cache 和 `协商缓存` 304 not modified，优先级较高的是强缓存，在命中强缓存失败的情况下，才会走协商缓存。\n\n首先来看张图：\n![avatar](http://cdn.lululuting.com/925a1360-7494-11ea-b0df-51ef1b064ab8)\n\n**原理**\n\n- 浏览器在加载资源时，根据请求头的Expires 和 cache-control判断是否命中强缓存，如果命中则直接从缓存读取资源，不会向服务器发起请求。\n- 如果强缓存没有命中，浏览器就会向服务器发起请求，通过last-modefied 和Etag去判断资源是否命中协商缓存，如果命中代表资源没有更新，服务器会返回304，读取缓存中的资源，如果没有命中，则代表资源有更新，服务器会返回200，从服务器加载资源。\n\n缓存通过`Expires` 和 `Cache-Control` 两种响应头实现。\n\n1. `Expires`\nExpires HTTP/1.0的东西， 表示资源会在设置的时间后过期，需要再次请求。并且受限于本地时间，如果修改了本地时间，可能造成缓存失效。\n```\nExpires: Wed, 22 Oct 2018 08:41:00 GMT\n```\n验证方式是 `If-Modified-Since/Last-Modified`。\n\n2. `Cache-Control`\nCache-Control HTTP/1.1的东西，优先级高于 Expires ,表示的是相对时间。\n```\nCache-Control: max-age=315360000 // max-age 过期时间（单位为s）\n```\n验证方式是`If-None-Match/Etag`\n\n总结：\n- Cache-Control 和 Expires 的作用是一样的， Cache-Control 优先级高，也可以同时用，向下兼容~\n- 现代浏览器已经默认开启缓存没有特殊要求，缓存一般不用动\n\n解决缓存残留问题:\n1. `ctrl+f5` / 客户端F12清空缓存并硬性加载 最直接最有效的。\n2. 每次发布时加上版本号或者直接`New Date()`这种方法针对jq这种老项目有效， 一般工程化的项目，打包时都会集成hahs插件命名文件名的，基本用不上。\n\n\n## 3.CDN缓存问题\n问了，有些人没搞过cdn，可能真不知道~\n\nCDN边缘节点对开发者是透明的，相比于浏览器Ctrl+F5的强制刷新来使浏览器本地缓存失效，开发者可以通过CDN服务商提供的“`刷新缓存`”接口来达到清理CDN边缘节点缓存的目的。这样开发者在更新数据后，可以使用“刷新缓存”功能来强制CDN节点上的数据缓存过期，保证客户端在访问时，拉取到最新的数据。\n\n简单来说就是cdn服务商会都有个`刷新缓存`的按钮给你的！发布新资源记得手动刷新一下缓存！\n\n\n\n# vue\n接下来是一些vue框架的使用问题\n## 1.vue的常用指令有哪些？\n2020年都会有人问这个！走过场~ 走过场~\n\n\n`v-show` 和v-if不同的是，如果v-if的值是false，则这个元素被销毁，不在dom中。但是v-show的元素会始终被渲染并保存在dom中，它只是简单的切换css的dispaly属性。\n`v-if` 可以实现条件渲染，Vue会根据表达式的值的真假条件来渲染元素。\n`v-else` 是搭配v-if使用的，它必须紧跟在v-if或者v-else-if后面，否则不起作用。\n`v-for` 用v-for指令根据遍历数组来进行渲染\n`v-text` 主要用来更新textContent，可以等同于JS的text属性。\n`v-html` 双大括号的方式会将数据解释为纯文本，而非HTML。为了输出真正的HTML，可以用v-html指令。它等同于JS的innerHtml属性。\n`v-bind` v-bind用来动态的绑定一个或者多个特性。没有参数时，可以绑定到一个包含键值对的对象。常用于动态绑定class和style。以及href等。\n简写为一个冒号`【 ：】`\n `v-on` v-on主要用来监听dom事件，以便执行一些代码块。表达式可以是一个方法名。\n简写为：`【 @ 】`\n`v-model` 这个指令用于在表单上创建双向数据绑定。v-model会忽略所有表单元素的value、checked、selected特性的初始值。因为它选择Vue实例数据做为具体的值。\nv-model修饰符:\n```\n<input v-model.lazy=\"msg\"> // 默认情况下，v-model同步输入框的值和数据。可以通过这个修饰符，转变为在change事件再同步。\n<input v-model.number=\"msg\"> // 自动将用户的输入值转化为数值类型\n<input v-model.trim=\"msg\"> // 自动过滤用户输入的首尾空格\n```\n\n事件修饰符:\n```\n<!-- 阻止单击事件继续传播 -->\n<a v-on:click.stop=\"doThis\"></a>\n\n<!-- 提交事件不再重载页面 -->\n<form v-on:submit.prevent=\"onSubmit\"></form>\n\n<!-- 修饰符可以串联 -->\n<a v-on:click.stop.prevent=\"doThat\"></a>\n\n<!-- 只有修饰符 -->\n<form v-on:submit.prevent></form>\n\n<!-- 添加事件监听器时使用事件捕获模式 -->\n<!-- 即元素自身触发的事件先在此处处理，然后才交由内部元素进行处理 -->\n<div v-on:click.capture=\"doThis\">...</div>\n\n<!-- 只当在 event.target 是当前元素自身时触发处理函数 -->\n<!-- 即事件不是从内部元素触发的 -->\n<div v-on:click.self=\"doThat\">...</div>\n\n<!-- 点击事件将只会触发一次 -->\n<a v-on:click.once=\"doThis\"></a>\n\n<!-- 滚动事件的默认行为 (即滚动行为) 将会立即触发 -->\n<!-- 而不会等待 `onScroll` 完成  -->\n<!-- 这其中包含 `event.preventDefault()` 的情况 -->\n<div v-on:scroll.passive=\"onScroll\">...</div>\n```\n\n\n\n## 2.vue-router 鉴权问题\n路由鉴权问题 不管是vue还是react 十有八九必问！\n\n后台系统，用户角色和权限必定会有的，常见的用户权限区分形式有两种：\n一是前端请求接口拿到后台配置的用户权限信息；\n另一种是直接由前端来定义每种用户角色的权限页面，然后在生成对应的路由。\n\nvue用vue-router的路由守卫。`router.beforeEach((to,from,next)=>{})`\n```\nrouter.beforeEach((to,from,next)=>{\n  if(to.path == \'/login\' || to.path == \'/register\'){\n    next();\n  }else{\n    alert(\'您还没有登录，请先登录\');\n    next(\'/login\');\n  }\n})\n```\n\nreact没有路由守卫这种东西，就用`高阶组件`来解决。\n\n## 3.按需加载\n经常问！！！\n\n**按需加载**\n目的:\n只在访问当前页面时加载对应组件，避免页面组件全部加载，优化页面加载速度。\n\n原理：\n利用webpack对代码进行分割是懒加载的前提，懒加载就是异步调用组件，需要时候才下载。\n\n方法1：ES6\n```\n// 下面2行代码，没有指定webpackChunkName，每个组件打包成一个js文件。\nconst ImportFuncDemo1 = () => import(\'../components/ImportFuncDemo1\')\nconst ImportFuncDemo2 = () => import(\'../components/ImportFuncDemo2\')\n// 下面2行代码，指定了相同的webpackChunkName，会合并打包成一个js文件。\n// const ImportFuncDemo = () => import(/* webpackChunkName: \'ImportFuncDemo\' */ \'../components/ImportFuncDemo\')\n// const ImportFuncDemo2 = () => import(/* webpackChunkName: \'ImportFuncDemo\' */ \'../components/ImportFuncDemo2\')\n```\n\n方法2: vue-router配置路由\nvue-router配置路由，使用vue的异步组件技术，可以实现按需加载。\n但是，这种情况下一个组件生成一个js文件。\n\n```\n{\n    path: \'/xxx\',\n    name: \'xxx\',\n    component: resolve => require([\'../components/xxx\'], resolve)\n}\n```\n\n## 4.keep-alive\nkeep-alive 也会问到，但是实际上项目里用的不多。\n\n**缓存组件keep-alive**\n有时候我们不希望组件被重新渲染影响使用体验；或者处于性能考虑，避免多次重复渲染降低性能。而是希望组件可以缓存下来,维持当前的状态。这时候就可以用到keep-alive组件。\n这是Vue的`内置组件`，能在组件切换过程中将状态保留在内存中，`防止重复渲染DOM`。\n\n**应用场景**\n使用keep-alive组件会显著提高用户体验，菜单存在多级关系，多见于列表页+详情页的场景如：\n\n- 1、商品列表页点击商品跳转到商品详情，返回后仍显示原有信息\n- 2、订单列表跳转到订单详情，返回，等等场景。\n\n\n**使用方法：**\n\n**一. 普通使用**\nprops 4个参数\n\n- include string或正则，只有名称匹配的组件会被缓存 2.1.0+\n- exclude string或正则, 名称匹配的组件不会被缓存 2.1.0+\n- max 最多可以缓存多少组件实例 2.5.0+\n- activated 和 deactivate 生命周期钩子\n\n```\n<keep-alive include=\"a,b\" :include=\"[\'a\',\'b\']\" :exclude=\"/a|b/\" :max=\"10\">\n  <component :is=\'view\'></component>\n</keep-alive>\n```\n\n**二. 结合router使用**\n1.更改App.vue\n```\n<div id=\"app\" class=\'wrapper\'>\n    <keep-alive>\n        <!-- 需要缓存的视图组件 -->\n        <router-view v-if=\"$route.meta.keepAlive\"></router-view>\n     </keep-alive>\n      <!-- 不需要缓存的视图组件 -->\n     <router-view v-if=\"!$route.meta.keepAlive\"></router-view>\n</div>\n```\n2.在路由中设置keepAlive\n```\n{\n  path: \'list\',\n  name: \'itemList\', // 商品管理\n  component (resolve) {\n    require([\'@/pages/item/list\'], resolve)\n },\n meta: {\n  keepAlive: true,\n  title: \'商品管理\'\n }\n}\n```\n\n\n\n# react\n现在技术栈为react,面的也是react，react问题可多咯。\n\n## 1.react中 子组件要修改父组件state 怎么做？\n\n## 2.说说react的生命周期\n\n## 3.谈谈redux的工作流程\n\n## 4.diff算法做了什么事？\n\n## 5.HOC 高阶组件有什么用？怎么用？\n\n## 6.谈谈 react hooks\n\n:satisfied:\n\n\n------------待续\n\n\n\n\n\n\n', '都是泪啊', 239, 'http://cdn.lululuting.com/b44cf7d0-74e4-11ea-9e0d-5d31f8d3722b', '2020-03-30 10:37:08', 1, '面试,前端', '0');
INSERT INTO `article` VALUES (18, 1, '有趣的文案，总能给生活来点儿创意', '来自罗永浩直播播间推荐笔文案：\n\n这支笔能写50000字，如果你用这个笔去画直线，能画1.6公里，一盒10支，如果你不到处乱扔，一个笔能写一辈子，能写到孙子辈儿。\n\n文案出自美国佛罗里达州的一家电影院：\n\n电影院关闭，直到现实生活不再如电影般魔幻\n心持善念，也照顾好自己\n\n这句文案真的很戳人的心，一个电影院说出生活如电影般魔幻，就犹如一个人身临其境后的感叹，真实且悲伤。但是这家电影院又在之后写着“心存善念，照顾好自己”，又给悲伤中带来一丝希望，令人动容。\n\n苹果软件公司文案：\n\n你的下一台电脑何必是电脑\n\n苹果的文案真的一如既往的厉害，在中文的翻译里这种“何必”的肯定句式给人当头一棒的感觉。让人忍不住想：对呀，何必呢？之后又让人忍不住去联想那下一台电脑不是电脑又是什么呢？一步步被它吸引。\n\n而在英文的翻译里，一句简单直白的“下一台电脑不是电脑”给人一种未来的期待感和新鲜感。\n\n卖绿豆糕：\n（佳琦）用你的先知先觉启发你的后知后觉让你买得不知不觉\n\n卖汽水：\n辉煌于当下，畅饮到未来\n\n卖热干面：\n不逼自己一把不知道自己还会一字马\n\n卖鱼糕：\n不见鱼的鱼，同样是一种大师的意境\n\n卖凤爪：\n千万不要像关羽大意失荆州一样错失荆州凤爪\n\n卖香菇：\n编钟是来自历史深处的，我们的香菇是来自大山深处的\n\n卖藕带：\n（和莲藕）长大后我就成了你\n吃过的赶紧屯一点，没吃过的赶紧尝尝鲜买一点\n\n卖酒：\n这不仅是酒，这是经验和时光\n\n卖茶：\n茶是人在草木间\n\n卖全部：\n烟笼寒水月笼沙，不止东湖与樱花，门前风景雨来佳，还有莲藕鱼糕玉露茶，米酒香菇小龙虾，赶紧下单买回家，买它买它就买它，热干面和小龙虾。', '积累点创意文案对你总有好处的', 113, 'http://cdn.lululuting.com/80b8e290-78b7-11ea-b66e-790e90ecd402', '2020-04-07 18:06:53', 4, '', '0');
INSERT INTO `article` VALUES (19, 2, '2020 春 邻居菲菲姐', '**拍摄于 2020.01.25 只调了个色，基本无修。\n菲菲姐，大美女哦！**\n\n![avatar](http://cdn.lululuting.com/e43f7e10-78ed-11ea-a318-5d619539e55d)\n\n\n\n![avatar](http://cdn.lululuting.com/f3f7b160-78ed-11ea-a318-5d619539e55d)\n\n\n\n![avatar](http://cdn.lululuting.com/ba2a10d0-78ee-11ea-8e5a-730981938b02)\n\n\n\n[![菲菲姐](http://cdn.lululuting.com/2d69f610-78ee-11ea-a318-5d619539e55d \"菲菲姐\")](http://cdn.lululuting.com/2d69f610-78ee-11ea-a318-5d619539e55d \"菲菲姐\")\n\n\n\n![avatar](http://cdn.lululuting.com/1becba30-78ee-11ea-a318-5d619539e55d)\n\n\n\n![avatar](http://cdn.lululuting.com/42921180-78ee-11ea-a318-5d619539e55d)\n\n\n\n\n\n\n', '笑容是会传染的！', 158, 'http://cdn.lululuting.com/f1de1e90-794d-11ea-af86-43cba2b548a3', '2020-04-08 00:40:57', 1, '人像摄影,2020春', '0');
INSERT INTO `article` VALUES (20, 2, '来，感受一下延迟摄影的魅力', '**什么都别说，先看个东西！**\n\n<div style=\"position: relative; padding: 30% 45%;\">\n<iframe style=\"position: absolute; width: 100%; height: 100%; left: 0; top: 0;\" src=\"//player.bilibili.com/player.html?aid=69258653&bvid=BV1UE41197LP&cid=120033702&page=1\" frameborder=\"no\" scrolling=\"no\"></iframe></div>\n\n\n是不是很震撼？想不想学？\n\n少年，我看你骨骼精奇，是万中无一的武学奇才，维护世界和平就靠你了，我这有本秘籍--->`《延时摄影入门》`，见与你有缘，就`免费`送给你啦！\n\n# 什么叫延迟摄影？\n\n延时摄影（Time-lapse photography），又叫缩时摄影、缩时录影，是以一种将时间压缩的拍摄技术，目前也多叫作缩时录影。其拍摄的是一组照片或是视频，后期通过照片串联或是视频抽帧，把几分钟、几小时甚至是几天几年的过程压缩在一个较短的时间内以`视频`的方式播放。在一段延时摄影视频中，物体或者景物缓慢变化的过程被`压缩`到一个较短的时间内，呈现出平时用肉眼无法察觉的奇异精彩的景象。\n延时摄影可以认为是和高速摄影相反的一个过程。\n延时摄影通常应用在拍摄城市风光、自然风景、天文现象、城市生活、建筑制造、生物演变等题材上。而目前除了相机外，手机、行车记录仪也有此功能。\n\n没有相机的小伙伴，不要灰心，抓重点 `手机`，手机也可以玩。\n\n**拍摄延时有俩种方法：**\n\n1. 进行长时间的视频录制，然后后期进行加速。非常简单粗暴，理论上也是可以的，但是一般不是用这种方法的。长时间录制的文件太大了，然后相机电池也撑不住。\n2. 另一种是利用相机自带的延时拍摄功能进行拍摄或者是使用`快门线`拍摄，后期再通过照片合成视频。\n\n**原理：**\n视频时长最小计量单位是`帧`，电影、电视的播放速度是`1秒=24帧`，也就是说播放时长10秒钟，每一秒就需要拍24张照片来得到流畅的正常播放。那么10秒钟就需要拍10*24=240张照片。不过24也`不是固定的`，你还可以选25/30/60帧/秒看你后期合成的制式，不过低于24会感觉到卡，也就是掉帧。\n\n**拍摄延时也有很多类型的：**\n类型有很多，只说常见的。\n\n1. 定机位延迟（三脚架）\n2. 移动延迟（电动滑轨）\n3. 大范围移动延迟（三脚架手动/稳定器手动）\n\n**注意一点**\n\n- 延时摄影的场景要选择“变化、移动、动态”动静结合的景与物，如果拍摄场景不具有动态与变化，拍摄出来的延时摄影就没有意义。\n\n# 前期准备\n\n1. 相机（废话）\n2. 一块充满电的电池（拍着拍着，没电可不行哦）\n3. 三脚架（必须的）\n4. 提前踩点，提前去取景地占领有利机位，机位好什么都好。\n5. 选对时间，拍摄风光建筑这类题材，要选择黄金时间段进行拍摄（日出日落前后一小时，光线柔和、色彩绚丽）。\n6. 内存卡记得留够空间\n7. 一袋瓜子（延迟摄影动辄几十分钟，手机记得充满，不然你会很无聊！）\n\n# 参数设置 （重点）\n\n1. 使用`M档`拍摄（光线变化大A档，如日转夜延迟）\n2. `手动对焦`（手动对焦避免拉风箱）\n3. `自定义`白平衡（避免光线变化造成照片风格不统一）\n4. `低`ISO（根据实际情况，越清晰越好）\n5. `小`光圈 （延时摄影拍摄的都是大场景，要求所拍摄的画面要尽可能的全部都清晰，因此就需要选择F8-F16的小光圈来拍摄大景深的画面）\n6. `适合`的快门（看情况，一般设1/50。1/50接近人眼的观察习惯，拍摄延时选择比1/50秒快门速度快的快门速度，会导致画面中运动的物体过于清晰而造成一种奇怪的视觉感受。但拍车流拍拉丝这种模糊运动的场景就需要慢快门）\n7. 选择`RAW`格式（JPG不是不可以，但RAW宽容度更好）\n8. **快门间隔**\n   这个是没有标准的，看你自己想要什么效果，说说一般配置\n\n- 拍云雾流动 10s\n- 拍星空星轨 30s（考虑到银河转动和地球自转，拍星空星轨参数有点复杂不一定是30s）\n- 拍车流 3s\n\n# 拍摄途中\n\n1. 一定要保证机位不动！一定要保证机位不动! 一定要保证机位不动! 一点点移动都会保证让你前功尽弃。通过后期裁剪增稳来矫正移位是不现实的，所以要靠前期避免。\n2. 拍着拍着没电了? 没电就轻手轻脚上充电宝。什么？不支持充电？打扰了。。。\n3. 开始拍摄后，一切由相机自动完成，关掉屏幕省电。\n\n# 后期合成\n\n**篇幅有限，后期合成请看这个视频，讲的是日转夜，但是后期合成这部分操作是通用的**\n\n<div style=\"position: relative; padding: 30% 45%;\">\n<iframe style=\"position: absolute; width: 100%; height: 100%; left: 0; top: 0;\" src=\"//player.bilibili.com/player.html?aid=26124237&bvid=BV1Ls411V7YQ&cid=44807569&page=1\" frameborder=\"no\" scrolling=\"no\"></iframe></div>\n\n', '延迟摄影教学', 133, 'http://cdn.lululuting.com/51ac9110-79a5-11ea-8bf8-59ff755a6a12', '2020-04-08 22:29:14', 1, '摄影,教学,干货', '0');
INSERT INTO `article` VALUES (21, 3, '2020 目标计划', '我是个没计划没目标的人，做什么事情就只是在脑中先梳理一遍然后就去实施了，并且信奉`计划赶不上变化`把制定计划目标看作是`形式主义`。但是看着有目标有计划的同事，在完成了他们一件件小目标分享他们的喜悦时，我感觉我就是在虚度光阴！或许我应该反思一下过去的思想是否正确。\n\n2020已过`3/1`, 回头看看2019，感觉很迷茫，嘻嘻哈哈也不知道做了些啥，时间就这样过去了~\n行吧，凡事预则立,不预则废。现在规划一下也不不是很晚，给自己立些flag吧，都不是硬性的，但起码有个方向！\n\n\n**人若有志,万事可为！不能再当咸鱼啦！加油！**\n\n# 立flag！！！\n\n## 工作上\n\n1. 学习一下`typescript`,不一定会用，看看了解一下是什么东西，撸几个demo！\n2. 学习`Flutter`,并且用flutter做出一款app应用！\n3. 重新拾起`vue`，跟紧市场的步伐！\n4. `Python`,今年一定要好好学一下python，做几个有趣的东西，如果可以的话就用Python重构一下后台吧！\n5.	学`AE`，做个片头！！！\n\n## 生活上\n1. 希望今年可以`找个女朋友` ！！！（重中之重）\n2. `减肥`，控制住！！！，不能再胖了！！！\n3. 不乱买东西了，存钱！\n4. ~~如果有时间，学多一门乐器！~~（应该是没时间）\n5. 弄个本科证\n6. ~~考驾照~~（算了，上车就想睡觉的人不适合开车）\n7. 用视频记录生活，拍的素材不要藏了，拿出来剪吧！\n\n------------\n\n以上flag 2020/4/16 立，不做修改。\n\n`2021` 回来看看能完成多少项！！！\n', '立此为据，努力学习！', 337, 'http://cdn.lululuting.com/9b33bf00-7ffb-11ea-8994-617ff2232874', '2020-04-16 17:49:03', 1, '学习计划,可能是吹牛', '0');
INSERT INTO `article` VALUES (24, 1, 'tgkb 网站开源', '## 简介\ntgbk 项目为 `前台主站` `后台管理系统`还有`api服务` 这个三个。\n\n[线上地址](http://lululuting.com \"线上地址\")\n\n[GitHub](https://github.com/lululuting/tgbk \"GitHub\")\n\n里面bug还有很多，响应式也还没有做全，喜欢就点个star，后续慢慢迭代。\n\n## 前台主站\n![avatar](http://cdn.lululuting.com/8014c580-9a44-11ea-bd4b-9126d2734d3a)\n\n前台项目 技术栈为 `react` + `antd` + `nextJS` + `react-redux` ssr服务端渲染\n静态资源 采用 `七牛云cdn`进行加速\n游客登录 采用`微博sdk`进行授权登录\n\n### 目录架构\n```\n├─components  // 组件\n│  ├─Aplayer\n│  │      index.js\n│  │      style.less\n│  │      \n│  └─UpInfo\n│          index.js\n│          style.less\n│          \n├─config\n│      service.js // 接口配置\n│      weibo.js // 微博sdk配置\n│      \n├─pages // 页面\n│  │  _app.js\n│  │  \n│  ├─Detail\n│  │      index.js\n│  │      md.less\n│  │      style.less\n│  │      \n│  ├─index\n│  │      index.js\n│  │      style.less\n│  │      \n│  ├─List\n│  │      index.js\n│  │      style.less\n│  │      \n│  ├─msgCenter\n│  │      index.js\n│  │      style.less\n│  │      \n│  ├─search\n│  │      index.js\n│  │      style.less\n│  │      \n│  └─userCenter\n│          index.js\n│          style.less\n│          \n├─public\n│  │  favicon.ico\n│  │  favicon1.ico\n│  │  \n│  ├─style\n│  │      global.less\n│  │      modifyVars.less // 主题配置\n│  │      \n│  └─utils\n│          autorender.js // md公式渲染js\n│          request.js // umi-request 请求库\n│          uploadQiniu.js // 上传牛云方法\n│          utils.js // 公共类库\n│          \n├─static\n│      logo.png\n│      logo1.png\n│      \n└─store\n        index.js\n        reducer.js\n.babelrc\n.gitignore\nnext.config.js // 配置文件\npackage-lock.json\npackage.json\nREADME.en.md\nREADME.md    \nuploadCnd.js // 打包后一健上传七牛云 配好参数打包后 npm run cdn\n```\n\n### 运行\n本地开发环境 `npm run install 后 npm run dev`\n线上生成环境\n\n```\nnpm run install\nnpm run build\n// (如果静态资源进行cdn加速的话 还要npm run cdn)\npm2 start npm -- run start\n```\n### 可能发生的一些问题\n- 七牛云和微博 都需要你来重新配置密钥和地址\n- 前台依赖于api服务，运行前台项目前 请确保api服务已开启\n\n\n\n## API 服务\n\n![avatar](http://cdn.lululuting.com/56401880-9a4a-11ea-bd4b-9126d2734d3a)\n\napi服务采用的是`node` 框架是阿里`egg`\n\n### 目录架构\n```\n├─app\n│  │  router.js\n│  │  \n│  ├─controller\n│  │  ├─admin // 后台接口\n│  │  │      article.js\n│  │  │      banner.js\n│  │  │      feedback.js\n│  │  │      user.js\n│  │  │      \n│  │  ├─default // 前台接口\n│  │  │      article.js\n│  │  │      home.js\n│  │  │      user.js\n│  │  │      \n│  │  └─public // 公共接口\n│  │          BaseController.js\n│  │          qiniu.js // 七牛云配置\n│  │          \n│  ├─middleware // 中间件\n│  │      adminAuth.js\n│  │      \n│  ├─public\n│  ├─router\n│  │      admin.js\n│  │      default.js\n│  │      \n│  └─service // 请求\n│          qiniu.js\n│          weibo.js\n│          \n├─config // 配置\n│      config.default.js\n│      plugin.js\n│      \n├─logs\n│  └─service\n│          common-error.log\n│          egg-agent.log\n│          egg-schedule.log\n│          egg-web.log\n│          service-web.log\n│          \n├─run\n│      agent_config.json\n│      agent_config_meta.json\n│      agent_timing_8936.json\n│      application_config.json\n│      application_config_meta.json\n│      application_timing_17804.json\n│      router.json\n│      \n├─test\n│  └─app\n│      └─controller\n│              home.test.js\n│              \n└─typings\n    ├─app\n    │  │  index.d.ts\n    │  │  \n    │  ├─controller\n    │  │      index.d.ts\n    │  │      \n    │  ├─middleware\n    │  │      index.d.ts\n    │  │      \n    │  └─service\n    │          index.d.ts\n    │          \n    └─config\n            index.d.ts\n            plugin.d.ts\n.autod.conf.js\n.eslintignore\n.eslintrc\n.gitignore\n.travis.yml\nappveyor.yml\njsconfig.json\npackage.json\nREADME.md\ntingge_blog.sql // mysql 数据库sql \n\n```\n\n\n### 运行\n本地开发环境 `npm run install 后 npm run dev`\n线上生成环境\n```\nnpm run install\nnpm run start\n```\n\n### 可能发生的一些问题\n- 七牛云和微博还有mysql配置 也是都需要你来重新配置\n- api服务依赖于mysql数据库，运行项目前 请确保数据库正常。\n\n\n\n## 后台管理系统\n\n![avatar](http://cdn.lululuting.com/656f1ea0-9a4a-11ea-bd4b-9126d2734d3a)\n\n后台管理系统项目 技术栈为 `react` + `antd pro` + `dva` 的单页面应用\n\n\n### 目录架构\n太长不贴了\n\n\n### 运行\n本地开发环境 `npm run install 后 npm run dev`\n线上生成环境\n```\nnpm run build 完 丢服务器 nginx配置代理就ojbk了\n```\n\n### 可能发生的一些问题\n- 同样，七牛云上传 需要你重新配置密钥和地址。\n- 后台管理系统依赖于api服务，运行项目前 请确保api服务正常。\n\n\n\n------------\n\n大概就这样啦，有什么问题，留言~\n\n', '快去star！', 345, 'http://cdn.lululuting.com/6dec2510-9a5d-11ea-b61d-a3be4770de24', '2020-05-20 13:47:46', 1, 'GitHub,血亏', '0');
INSERT INTO `article` VALUES (25, 3, '人生的意义是什么？', '\n18岁，你读了大学。:bowtie:\n\n20岁，你大二结束，开始悔恨自己前两年幼稚的行为于是开始努力\n22岁你大学毕业了，却发现找不到一份令自己满意的工作\n\n26岁，你看着身边的人都结了婚婚礼的份子钱逐年递增春节回家，父母从带你串亲戚变成了带你去见相亲对象见了十几个姑娘你每次都觉得和那个她比差了一点\n\n28岁那年，你遇到了一个和你遭遇差不多的姑娘你们有一搭没一搭的聊着她说：你还不错你喝了一口可乐说：你也是你还不确定喜不喜欢她双方家长就已经摆好了订婚宴结婚的前一周，你和朋友出去喝酒你说，不想结婚朋友说，你啊，就是想太多。谁不是这么过来的？ 这辈子。\n\n29岁，你们终于结了婚婚礼办的不大不小，朋友来的不多不少攒了几年想要去实现理想的钱搭在了这一场百人的私人庙会上婚礼进行到中间司仪带着标准的商业化微笑对着台下的亲朋喊道要不要让他们亲一个！台下那些人跟着一起起哄不知道为什么你简简单单的亲了一口 俩人恢复到了一开始的站位你小声说了一句：我爱你那个昨天还看不惯你倒腾模型的新娘愣了一下说：我也爱你你不确定她是不是对你说的就像你不确定是不是对她说的一样婚礼结束后，并没有你想象的浪漫你听着外屋的新娘一笔一笔的算着份子钱想着不过才两年，怎么就变成这样了想着想着，洞房夜就睡着了\n\n30岁，她怀孕了辞掉了工作，在家养胎你在公司逐渐有了点地位手里管着十来个人独立负责一个项目结婚前陪嫁的那辆20万左右的车也变成了你一个人的独享但你依然不敢放松每次加班电话那头都是抱怨与委屈但你不能争辩什么谁让她怀了你的孩子在这一刻不论是她的父母还是你的父母都无条件的站在这一边\n\n31岁，孩子落地了前前后后连孕检带住院费花了10万块钱不过无所谓你看着你的孩子，怎么看怎么喜欢高兴的仿佛这是你的新生\n\n32岁，这是人生最不愿意重复的一年平均睡眠3小时孩子每一个小时都要闹腾一次第二天拖着睡不醒的眼睛去上班老板说你上班不干活回家媳妇说你不干活你想了半天不明白，那谁干活呢？那辆开了3年的车成为了你真正的家你不在抱怨路上拥堵的交通你甚至开始希望再多堵一会回到家，你关了发动机在车上点了一根烟这是你每天最幸福的十分钟车前是功名利禄，车尾是柴米油盐\n\n35岁 你因为身体越来越差加班越来越少晋升的速度也越来越缓慢 那天下班，媳妇告诉你孩子要上幼儿园了双语的一个月3000你皱了皱眉头，那边就已经不耐烦了“四单元的老王家孩子，一个月6000”“你已经这样了，你想让孩子也输？”你没说话，回屋给媳妇转了6000块钱这笔钱，你原本打算给自己过个生日，买个新电脑\n\n38岁，孩子上了一年级老师说一年级最关键，打好基础很重要你笑着说，是是是，老师您多照顾新生接待的老师看着你不明事理的脸给你指了一条明路“课外辅导班，一个月2200”\n\n40岁的时候，孩子上了三年级老师说，三年级，最关键，承上启下很重要你笑着说：是是是，正打算再报个补习班\n\n44岁，孩子上了初中有一天回到家，她对你说爸爸，我想学钢琴你没什么犹豫的你以为这些年，你已经习惯了但那句“爸爸现在买不起”你始终说不出口好在孩子比较懂事她说：爸爸没事，要不我先学陶笛也可以你看着这么懂事的孩子，却开心不起来\n\n46岁，孩子上了一个不好不差的高中有一天你在开会，接到了老师的电话电话里说你的孩子在学校打架了叫你去一趟 你唯唯诺诺的和那个比你还小5岁的领导请了个假到学校又被老师训了一通无非台词就是那一句你们做家长的就知道工作，能不能陪陪孩子你看着这个老师，有点可笑好像当时说：家长在外辛苦点多赚点钱让孩子多补补课的和他不是一个人\n\n50岁，孩子上了大学很争气，是一个一本他学的专业你有点看不懂你只知道工作不一定好找而且学费还死贵你和他深夜想聊聊准备了半斤白酒，一碟花生米你说着那些曾经你最讨厌的话还是要为以后工作着想挑个热门的专业活着比热爱重要你们从交流变成了争吵你发现，你老了老到可能都打不过这个18岁的孩子你说不过他，只能说一句：我是你爸爸！孩子看着你，知道再怎么争辩都没用这场确立你最后威严的酒局不欢而散你听的不真切在孩子回自己屋的路上好像叨叨了一句“我不想活的像你一样”怎么就哭了呢？50岁的人了一定是酒太辣了，对不对一定是酒太辣了\n\n55岁，孩子工作了，似乎有一点理解你了但你却反了过来，你说不要妥协\n\n56岁，孩子也结婚了你问他喜欢那个姑娘么他愣了愣说：喜欢吧\n\n60岁，辛苦了一辈子，想出去走走身边的那个人过了30年你依旧分不清到底喜不喜欢你们开始规划旅游路线这么多年了你们还是存在分歧，还是在争吵某个瞬间，你觉得这样可能也挺好一切都准备好了儿子说：爸妈，我工作太忙了可以帮我照顾一下孩子么你们退了机票，又回到了30年前\n\n70岁，孩子的孩子也长大了，不用天天操心了你下定决心说：一定要去玩一趟可是手边的拐杖只能支持你走到楼下的花园\n\n75岁，你在医院的病床上身边聚满了人，你迷迷糊糊的看见医生摇了摇头周围那些人神情肃穆你明白了，你要死掉了你没有感到一丝害怕你突然问自己，我到底是什么时候死掉的呢？你想起来30岁的那场婚礼原来，那时候，你就死掉了吧依照惯例死前的3秒，你的大脑要走马灯倒叙你这75个年头的一生画面一张一张的过1秒 2秒两秒过去了你面无表情的看着这两秒内的回忆第3秒突然你笑了原来已经回到了15岁的那一年你看见一个男孩他叼着一袋牛奶，背着书包从另一个女孩家的阳台下跑过那个男孩朝窗户里看了看那是15岁的你暗恋的那个女孩子你想不起来她长什么样子了最后一秒你努力的回忆着然后终于笑了出来3秒过去了身边的人突然间开始嚎啕大哭你可能听不清了你最后听到的嘈杂的声音是一群十五六的少年 起着哄说的答应他，答应他，答应他……:neckbeard:', '作者：小明\n链接：https://www.zhihu.com/question/24329745/answer/372313434\n', 83, 'http://cdn.lululuting.com/d35b7dd0-9c40-11ea-b505-0775c997dd0f', '2020-05-22 23:27:59', 18, '好文,人生感悟', '0');
INSERT INTO `article` VALUES (26, 3, '职场的“断舍离”总是能让人抓狂！！！', '想写些什么内容来着，却发现，似乎今天不是很适合说话。\n\n因为今天我要辞职了，离开刚还没有坐热板凳的美业行业，还是小白啥都懂，当开始似乎要明白什么叫美业的用户需求的时候，我却辞职不干了，不是文人的傲气让我不食人间烟火，火急火燎的要离职去看诗和远方。\n\n而是觉得从这个里面糜烂到表面的体制来说，真的不适应职业发展，这里的游戏规则，总是让人恼火的想逃离，时不时给你来点头脑风暴淘汰制，刺激一下工作激情，可能在领导的眼里，是在这里的物竞天择的生存规则吧，但对于我们这些小职员而言，这里并不是学习沉淀的地方，部门之间的推卸责任，同事之间的互相吐槽，总是让人想到，职场死亡定律 .....\n\n算了，毕竟“复杂世界里，一个就够了。”\n\n不想写感受，来点给大家来点文案干货吧！\n\n\n01\n\n活着，大吃大喝\n也是对生命的一种尊重。\n\n\n\n02\n\n人生不像做饭，\n不能等万事俱备了才下锅。\n\n\n\n03\n\n一个人思考不好，\n爱不好，睡不好，\n归根结底，\n都是因为吃得不好\n\n\n\n04\n\n生活是苦的，\n食物却能带来一丝暂时的甜\n\n\n\n05\n\n一个人到世界上来，来做什么？\n爱最可爱的、最好听的、\n最好看的、最好吃的。\n\n\n\n06\n\n我会装醉\n是因为\n清醒的时候就会一直喜欢你\n\n\n\n07\n\n最好的下酒菜，\n是凉飕飕的冷风，\n和陪你一起喝的人。\n\n\n\n\n', '部门之间的推卸责任，同事之间的互相吐槽，总是让人想到，职场死亡定律 .....', 67, 'http://cdn.lululuting.com/19d2da90-a643-11ea-b3d0-6f6a2f29457d', '2020-06-04 17:09:31', 4, '', '0');
INSERT INTO `article` VALUES (27, 3, '2020年下半年的小目标', '#### # 广州赞赏信息科技有限公司（4.22 - 6.8）\n复盘的话感觉主要原因还是以下几点\n1.之前接触的业务比较少，所以业务不熟练开发就很吃力。\n2.自己个人原因肯定也是很大的，对于之前没开发过的项目类型，没有去认真的学习官方文档(引以为戒)。\n3.忙碌的低效率开发根本没有意义(不断开发新bug，导致一直加班--恶性循环)\n4.正是由于第三点-个人的心态也会发生变化（感觉自己在项目中的角色非常边缘化，非常被动没有存在感，个人的积极性不断被消磨殆尽）\n5.想对自己说：努力过没做好的事情，没有什么好自责的。(虽然心里吐槽自己是一个废物:joy:)\n\n#### 2020年下半年的小目标\n1.掌握独立搭建项目的能力\n2.自己写一个小程序（基于uniapp）\n3.养成7点起床-11点睡觉的好习惯（显然这是一个自律问题）\n4.附加题：自己要是能看看书就好了（这样我以后说话多有逼格啊 :bowtie:）\n\n\n#### 后续-01\n> 成年后发现的真相就是，懒人总是容易对生活做出妥协，像深渊一样永远没有尽头。\n\n\n先目测下自己的小目标那些很有希望实现的把\n1.写一个小程序，基于uniapp。这个感觉希望很大，自己现在手上有一个基于原生的小程序模板，到时候用uni-app重新写一遍就完事了--无奈自己的设计能力太差QAQ。\n2.养成早睡早起的习惯--这个也很有机会实现-----因为最近准备减肥了，长期久坐，让我的腰部的赘肉像田野的杂草一般缠绕(这大概就是【科怀·伦纳德的死亡缠绕吧！】)。早起去附近的篮球场先跑2圈，然后打会球，然后上班(毕竟公司就在马路对面--美滋滋:smiley:)\n3-4.这2个怕是难搞，996修福报等好事在前方招呼着我，我仿佛看到远方的老板换了车和房子，镶着金牙龇牙咧嘴抱着小三在美国夏威夷品着98年红酒看着金发碧眼的洋妞。:joy:\n\n\n\n#### 总结\n勤能补拙，未完待续。\n\n\n\n', '复盘离职的原因，明确下2020年下半年如何更好的适应新工作。', 203, 'http://cdn.lululuting.com/02271730-a814-11ea-97ed-37030e0db785', '2020-06-07 00:37:25', 18, '离职,工作,总结', '0');
INSERT INTO `article` VALUES (28, 2, '2020 夏  蹭拍狗产品妹妹 Join', '6月7，广州足足下了一个月雨，肥宅我也已经好多个周末没出过门。正打着游戏，突然隔壁 [大街小巷](https://weibo.com/u/2354268051?is_all=1 \"大街小巷\") 的 [色影师 Willlson](https://weibo.com/u/2633676010?from=myfollow_all \"temp-son \") 一个死亡电话打过来，说有免费的摄影活动，还有美女模特，而且模特还是以前`狗产品的妹妹`。\n啧啧啧，`白嫖啊`，这种好事必去的呀，二话不说，提起裤子就准备出发！\n![avatar](http://cdn.lululuting.com/708fa780-a997-11ea-a9a3-1325ffadae03)\n\n地点是在黄村地铁站附近的七彩游乐场。没有下雨，也没有很多人，一切都很顺利，就是有点费时间。坐地铁一来一回3小时，12块车费！拍完了还得帮`别人`的女朋友`别人`的老婆修图，瞬间白嫖变`白给`~~\n\n\n不过说回来，狗产品的妹妹真的很`Nice`啊！！！\n\n**REC709调色，所得即所见！**\n\n![avatar](http://cdn.lululuting.com/738c6d60-a942-11ea-9a01-65ae145b5aef)\n\n![avatar](http://cdn.lululuting.com/623be6d0-a942-11ea-9a01-65ae145b5aef)\n\n![avatar](http://cdn.lululuting.com/67e41d00-a942-11ea-9a01-65ae145b5aef)\n\n![avatar](http://cdn.lululuting.com/6dcf2890-a942-11ea-9a01-65ae145b5aef)\n\n![avatar](http://cdn.lululuting.com/788d8e20-a942-11ea-9a01-65ae145b5aef)\n\n![avatar](http://cdn.lululuting.com/7f1d8c40-a942-11ea-9a01-65ae145b5aef)\n\n![avatar](http://cdn.lululuting.com/85492340-a942-11ea-9a01-65ae145b5aef)', '这谁顶得住啊！', 307, 'http://cdn.lululuting.com/4b2f4c90-a945-11ea-9a01-65ae145b5aef', '2020-06-08 13:02:52', 1, '游乐园,大街小巷,肥宅出门', '0');
INSERT INTO `article` VALUES (29, 1, 'react那些事', '> 开门见山，这篇文章正如封面所述，用来记录我学习万花筒写轮眼的过程(react)，这个技术好像已经出了很多年了，就像先人古诗，前人写诗，后人背诵。我们都站在了巨人的肩膀上，所以我们才能够借此看能更远。\n\n### **首先是准备阶段，我们可以通过一下路径来学习react**\n1.官方文档\n2.http://huziketang.mangojuice.top/books/react/ 这个作者写的react小书写的也可以。\n3.哔哩哔哩作为一个♂学♂习网站，里面也有很多免费的学习资源\n4.自己购买一些书籍也是极好的，毕竟人家十几年的经验都在书里面，花几十块钱肯定是值得的。\n\n### 其次就是计划阶段+自己大量的实战和练习了。\n1.给自己每周有个大概的学习计划就好了，毕竟自己自制力普通\n2.明确自己可控的学习时间，比如下班时间或者早上起来之后也可以学习一段时间，当然这些就看个人取调控了\n\n### **最后就是学以致用，学了一定要输出小项目**\n1.目标就是输出一个管理后台\n\n\n![avatar](http://cdn.lululuting.com/1bde9a20-ce45-11ea-b619-9b113aa9a739)\n\n**本周7.27-8.02的第一期的周计划**\n1.首先本着买书不浪费的原则，准备以书籍的方式来学习react，之前看了也的确通俗易懂。\n2.本周的任务 1~3章的基础内容，掌握react基本语法以及了解函数式编程的思维。\n\n**本周8.03-8.09的的周计划**\n1.学习react的数据流管理和路由(书籍4~5章)\n2.输出一个拥有路由和数据流管理的demo项目\n\n**本周8.10-8.16的的周计划**\n1.学习react的数据流管理和路由(书籍4~5章)\n2.输出一个购物车模板的demo机基于redux', '本文开始记录自己学习react，从资料来源到输出一个完整的后台项目。', 167, 'http://cdn.lululuting.com/f827d3a0-d39c-11ea-b8ad-2d017a18d328', '2020-07-25 15:03:22', 18, 'react,plan', '0');
INSERT INTO `article` VALUES (30, 3, '谱子整理', '线下转线上，记录这些年爱吹的曲子，数字谱 简谱 五线谱。\n如没注明，默认C调。\n\n\n\n## River Flows in You 你的心河\n\n```\n2#1{7} {3} {6}\n{#1}23{3}{6}\n{6}{7}#1 {3}{6}\n{6}{#5}{6}\n{6}#16#56#56362#1237\n{#1}23 {3}#1 2#1{7}\n{3}{6}{7}#1 {3}{6}\n{6}{#5}{6}\n6#56#56362#123#1{7}\n676#563 676#563 676#56776#5\n676#563 676#563 676#56776#5\n6676#563 6676#563 6676#56776#5 {7}\n6676#563 6676#563 6676#56776#5 {7}\n676#563 676#563 6676#56776#5 {7}\n676#563 676#563 6676#56776#5 {7}\n676#563 676#563 676#56776#5 {7}\n676#563 676#563 676#56776#5 {7}\n{6}{7}#1{3}{6}{7}#1 #123{3}#123 2#1{7}\n{6}#56 {6}36 {6}26 #12373 7#77 6#56\n2#1{7}{3}2#1{7} {#5}\n#123{3}#123\n{3}{6}{7}#1{3}{6}{7}#1\n{6}{#5}{6}\n{6}#56 {6}36 {6}2{6}#123#1{7}\n{6}#16#56\n676#563 676#563 676#56776#5 {7}{#5}{3}\n676#563 676#563 676#56776#5 {7}{#5}{3}\n6676#563 6676#563 6676#56776#5 {7}\n6676#563 6676#563 6676#56776#5 {7}\n676#563 676#563 6676#56776#5 {7}\n676#563 676#563 6676#56776#5 {7}\n676#563 676#563 676#56776#5 {7}\n676#563 676#563 676#56776#5 {7}\n\n6#56#56362\n{6}#16#56#56362\n{6}#16#56\n{6}#56 {6}36 {6}2{6}#123#1{7}\n6#56\n{3}{6}{7}#1\n#123\n2#1{7}\n6#56\n{6}#56 {6}36 {6}2{6}\n#12373 7#77 6#56\n{6}{7}#1 {3}{6} #123 {3}#1 2#1{7}\n```\n\n\n## 相遇天使 《轻音少女》\n\n```\n2 (#6) 2 #2 #3 #2 2 (#7) (#6) 2\n(#6) 2 #2 #3 #2 2 1 2 (#7) (#6)\n(#6) 2 (#7) (#6)\n1 2 #2 2 #2 2 #2 2 (#6) 2 1 2 (#6) 2 #2 #3 #2 2 (#7) (#6)2\n(#6) 2 #2 #3 #2 2 1 2 (#7) (#6)\n(#6) 2 (#7) (#6)\n1 2 #2 2 #2 2 #2 2 (#6) 2 1\n(#6) 2 #3 5 5 5 #2 2 1 2 #2\n#2 #3 #3 #3\n2 4 5 2 (#7) (#6)\n2 #2 (#6) #2 #2 #3 2 (#7) (#6)\n(#6) #2 2 #2 2 #2 #2 #3 #3 5 4 5 6\n[1] #6 #6 2 5 #3 #3 #3 [1] #6 #6 2 5 4 4\n4 5 #2 #6 6 6 #6 [1] 6 [1] #6\n2 #2 2 #2 4 [1] [1] [2] [1] #6 #6\n[1] #6 #6 2 5 4 4 4 [1] #6 #6 2 5 4 4\n4 5 #2 2 1 2 #2 4 2 #5 5 2 #2\n#2 #2 4 2 1 (#6) 1 1 (#6) (#6)\n重复一遍哦~~~~~细节可以自己适当修改~~~\n#3#6#6 #3#6#6 #3#6#7 #3#6#7\n#3#6#7 #46#7 #4[1][2][2][1] #6 6#665\n#6#65#6[1][2][1] 琶音并TR~[2]\n56#6[1]4 #22#24\n最后一段\n[1] #6 #6 2 5 #3 #3 #3 [1] #6 #6 2 5 4 4\n4 5 #2 #6 6 6 #6 [1] 6 [1] #6\n2 #2 2 #2 4 [1] [1] [2] [1] #6 #6\n[1] #6 #6 2 5 4 4 4 [1] #6 #6 2 5 4 4\n4 5 #2 2 1 2 #2 4 2 #5 5 2 #2\n#2 #2 4 2 1 (#6) 1 1 (#6)\n```\n\n\n\n\n## 残酷天使行动纲领 《新世纪福音战士》\n\n```\n勇敢的少年快去创造奇迹\n(7)2323 33 65#43#4\n#4673266#4667\n2(6)(6) 223(6)(6)\n(6)#45#4323#45#4(7)\n(7)#122#1#1\n235#432\n#4#43#23(7)(7)#1#1\n2(6)(6) 223(6)(6)\n(6)#45#4323#45#4(7)\n(7)#122#1#1\n235#432\n#4#43#23#45#4\n22#122#1332#1(7)#1\n22#13#1(7)(6)\n22#122#1332#123#45#4323#4\n(7)2323 3365#43#4\n#46732#1#1(7)#1322\n(7)2323 3365#43#4\n#4673266#4667\n(7)2323 3365#43#4\n#4673266#4667\n\n4#4322\n2345 6 [22#1#1] 7 7tr6 77665#4 #456[2] [4#43 #432]\n[2]76 65 5#4 #432 3#45 622 3#4567[2] [#1#1]\n#4 #456\n3 3#45\n7[24#43 #45622#12]\n[#1#1]7 7tr6 655#4\n5#43322\n#1#1 (77665#4)\n```\n\n\n\n## 创圣のアクエリオン 阿姨洗铁路\n\n```\n创圣のアクエリオン 创圣的大天使 OP 原调D转E转A转E\n\n(7)23 3#4#4 3(7)23\n(7)23 #4#4 3(7)23\n(7)7767 #433 (7)2#4#46 #46 #5#5#43#4\n\n(7)23 3#4#4 3(7)23\n(7)23 #4#4 3(7)23\n(7)7767 #433 (7)2363#4 #4#467 [3][2]7\n\n666 76 76#432 3\n6- 6 #476 #47[#1]7[#1][2] [#1]7#436\n6666 #476 #476#432 3#4\n23#45 6222(7)23 \n23432 543 6 4[1]#6656 #47\n\n3#237 7[#1]767 #5#43[3][#2]7[#1]\n666 7[#1]7 #5#43 #4#5 6#56#5 67#5\n3#237 7[#1]767 #5#43[3][#2]7[#1]\n666 7[#1]7 #5#43 #4#53 #4#53 #4#56#5 #43133\n\n#4- 323 67- [2][#1]-\n\n(7)23 3#4#4 3(7)23\n(7)23 #4#4 3(7)23\n(7)7767 #433 (7)2363#4 #4#467 [3][2]7 \n\n666 76 76#432 3\n6666 #476 #47[#1]7[#1][2] [#1]7#436\n6666 #476 #476#432 3\n23#45 6222(7)23 \n23432 543 6 4[1]#6656 #47\n\n3#237 7[#1]767 #5#43[3][#2]7[#1]\n666 7[#1]7 #5#43 #4#5 6#56#5 67#5#4\n3#237 7[#1]767 #5#43[3][#2]7[#1]\n666 7[#1]7 #5#43 #4#53 #4#53 #4#56#5 #43133 \n\n------------------------------------------\n\n#5#5#5#5#5#5 #5 [#1]#5#5#5#5[#1] \n#4#4#4#4 #4#4 #4#4#4 #47\n3333 3(7)3#4 #5#5#5#4 #5#43 \n7#5#43(7) 7#5[#1]7 #55#43\n[3][#2]7#5[#1] #5#4#5 #43\n7#5#43(7) 7#5[#1]7 #55#4 3#5#4#5\n\n3#237 7[#1]767 #5#43[3][#2]7[#1]\n666 7[#1]7 #5#43 #4#5 6#56#5 67#5 6#5#4\n3#237 7[#1]767 #5#43[3][#2]7[#1]\n6666 7[#1]7 #5#43- #5#4\n\n3#237 7[#1]767 #5#43[3][#2]7[#1]\n666 7[#1]7 #5#43 #4#5 6#56#5 67#5 6#5#4\n3#237 7[#1]767 #5#43[3][#2]7[#1]\n6666 7[#1]7 #5#43 #4#53 #4#53 #4#567 #5#4333 \n3#27#1(7)(6)(7)\n```\n\n\n## Fish in The Pool 《花与爱丽丝杀人事件》op\n\n![avatar](http://cdn.lululuting.com/a8963b10-d153-11ea-9234-d110872d5c43)\n\n\n\n\n\n## 幻化成风\n\n![avatar](http://cdn.lululuting.com/7aaef360-d156-11ea-9234-d110872d5c43)\n\n\n\n## 宫崎骏组曲\n\n```\n3333236322\n222212521(7)1\n(6)(7) 11 11 11\n(6)(7) 11 11 (7)1\n(6)(7) 11 11 15 12\n3 4 5555432 231\n345555 5432 233\n123 (6)1--\n67[1][1][2][1]7\n3566545\n5544 #2 4 145 #5 5\n67[1][1][2][1]7\n3566545\n55544 #24\n5 #5#6#5#5 5 #5 5 #5#6 [1]\n#5#6[1] [1]7[1][2]\n5[1]7[1]~\n\n3[1]37366545\n3246[1]7 5 3 2123\n3[1]37366545\n3246【123】756 重复一遍\n------------------------------------\n(6)12 231 (6)12 2253 35666[1]76543 22(6)3\n(6)12 231 (6)12 2253 35666[1]763(6)1 重复一遍\n------------------------------------\n67[1]7[1][3]7 3656[1]543\n3434[1]3 【11】7#4#477 重复一遍\n-----------------------------------\n67[1][1][2][1]7\n3566545\n5544 #2 4 145 #5 5\n67[1][1][2][1]7\n3566545\n55544 #24\n5 #5#6#5#5 5 #5 5#5#6[1]\n#5#6[1] [1]7[1][2]\n5[1]7[1]\n```\n\n\n\n\n\n## 钢铁洪流进行曲\n\n```\n半音阶口琴简谱，1=C\n(6) (367)121(7)1\n(6) (367)12123\n(6) (7)\n\n(666) (6367)111 12(5 432)\n(666) (6367)111 12(5 43456) (7)\n111 1(6)134 413 (57)12\n1(7) 111 1(6)134 5431 (5)132 3\n\n(66)1341 31(75)\n(66)13 654 3 1 2 (7)\n(66)1341 31(7765)\n(67)1 67【1】 (7)12 1(7)\n\n13 67 【1】5 3 432\n13 67 【1】 【312】 【1】7\n(367)135 432 1(76)\n(67)1 (7)12 33\n\n(63 367)1 12(7) (63)\n(63 367)1 2(#5#5)\n(67) 12(7)\n63 3234(77) 12 1 2 3\n\n(666) (6367)111 12(5 432)\n(666) (6367)111 12(5 43456) (7)\n111 1(6)134 413 (57)12\n1(7) 111 1(6)134 5431 (5)132 3\n```\n\n\n## 光年之外\n\n![avatar](http://cdn.lululuting.com/5091ec60-d154-11ea-9234-d110872d5c43)\n\n\n## 芒种\n\n```\n#7#5#6#3 #3#3[#2#2#2#2] #7\n#35#5#3#2 #2[#2#2]#3#5\n#6#6#6#5#7＃5#3\n\n(#7 #7#6#7#6#7)\n#1#1(#5)#1#2#1\n#2#2#3#2#2(#7#6)\n(#5#5#3) （#7 #7#6#7#6#7)\n#1#1(#5)#1#5#55#3#2 (#5)#3#2\n#3#3#3#5#3#2#7 #3#2#3#2[#2]\n#2#2#2#7#5#5#5#5#5#5#2#2 #6#55#55\n#3#2#3#2#7 [#3#3#2]#5\n#2#2#2#7#5#5#2#2 #7#6\n\n#7#5#6#3 #3#3[#2#2#2#2] #7\n#6#6#5 #6#6#5 #6#7#2\n#2[#2#2]#3#5\n#6#6#5 #6#6#5 #7#5#3#5\n#3[#2#2#2]#7\n[#2#2]#7 [#2#2]#7 [#2]#7#5\n#2[#3#2]#7[#]\n#7#5#5#3 #2#3#5#5\n#2#3#5#7 #2#3#5#5\n#7#5#6#3\n```\n\n\n## 你曾是少年\n\n```\n2222 (7)32(7)(6)(5)(6)\n23#4 5555\n565#4#4(7)32\n252\n3353 32262\n(7)2226#45\n(76576) \n(6766576)\n2222 232(7)(6)(5)(6)\n23#4 5555\n565#4#4(7)32\n2252\n33353 32262\n(7)222 6#45\n(76576) \n(67)2(655)\n\n(7)2 3#23#2\n3#23#2\n#43#43#43#43\n5#45#4565\n3#45#4#4332(6)1(7)\n(7)2 3#23#23#23#2\n#43#43#43#43\n5#45#4567\n35#4 555555 #4#43#4\n\n（7）#23 （7）\n#43#23（7）#4#4#5#4\n（7）#233\n#43#23#4#5#56#5\n7733#4#4 #577#2#233\n3#4#5#43#1\n3#4#5#5#433#4\n（7）#23 （7）\n（7）#23333#43#23#4#56#5\n7733#4#4\n#57【#1】7#5#43\n3#4#5 #433 #1#2#233\n```\n\n\n\n## 权力的游戏\n\n```\n用琴：A调/D调MM\n简谱：\n1=A\n622456 22456 22456 22456\n22#456 22#456 22#456\n22#45\n624562453\n513451432\n(6)(2)(4)(5)(6)(2)(4)(5)(3)\n(3)(5)(1)(3)(4)(5)(1)(4)(3)(2)\n624562453\n3 5 1 343 5312\n[2][1]26\n(#6)456 6\n[2][1]#66\n(#6)43\n\n2(6)(6)(#6)12\n(6)(6)(#6)12\n(6)(6)(#6)12\n(6)(6)(#6)1\n```\n\n\n\n## 匆匆那年\n\n```\n#c调。全程按住推建，b松开\n33 3（6 7）1\n33 3（6 7）1\n333321（6） \n11 1（6 7）1 \n22222（5）3333213\n33 3（6 7）1\n33 3（6 7）1\n333631（6）\n1 11（7656）\n5 5554245423\n2 22212334313\n5 555424445423\n2 2221（b7b6 b5b667）3\n33 【1】7【1】7【1】35\n6565613\n43 43 42 32 32 31 2223423\n33 【1】7【1】7【1】35\n6567【1】65\n4 54 321 222342（7）\n121 （7656）\n121 （7）1（76）\n```\n\n\n\n## 黄昏之时\n\n```\n5 55 532 213 ; 15 5 1765 565 3432; 5 55 532 213 ; \n123211(6)111 123211(6)512 123211(6)111 123211(6)512 121\n```\n\n\n## 小小的手心\n\n![avatar](http://cdn.lululuting.com/1d82d400-d155-11ea-9234-d110872d5c43)\n\n\n\n## 晴天\n\n```\n1=C\n22(5567)    22(5567652)\n22(5567)    (767)1(76)1(765)\n(2557)1(765677776765)\n(2577)1(765677776765#4)\n(#45555#45)(5555#45)(5555#45) \n(555)222 222222 22221(7)\n(5553#45)21(755) (55575) \n(3#45)21(756)\n\n\n(76)1(75)2#45#42(5)\n(5)33 322 21(767)1(7)\n(7)#1#2(7)#1#2#46#455\n5522321(67)123(5)3#4#4\n(76)1(7) (5)2#45#42(5)\n(5)33 322 21(767)1(7)\n(7)#1#2(7)#1#2#46#455\n5522321(3#4567675)\n--------------------------\n(#45555#45)(5555#45)(5555#45) \n(555)222 222222 22221(7)\n(5553#45)21(755) (55575) \n(3#45)21(756)\n\n\n(76)1(7) (5)2#45#4665\n533 322 21(767)1(7)\n(7)#1#2(7)#1#2#46#455\n5522321(3#4567675)\n```\n\n\n\n## 珊瑚海\n```\n男：(#5)(#5)(#5)(#5)(5)(4)(5)(4)(#2) (#5)(#5)(#5)(#5)(#6)(#6)(#2)#11\n男：1#2#2(#5) (#5)(#7)(#7)(#3) (#3)(#5)(#6)(#7)#1(#7)(#6)\n女：(#5)(#5)(#5)(#5)(5)(4)(5)(4)(#2) 【男：(#2)(#6)(#7)】\n合：(#5)(#5)(#5)(#5)(5)(4)(5)(5)(#5)\n合：(#5)(5)(5)(#5) (#5)(5)(5)(#5)(#5) (#2)(#5)(#5)(#6)(#7)(#5)(#6)\n\n男：(#2)(#6)(#6)(#7) 1#11(#5)#3#2 \n合：#245#6#6#5 #55454#2#2\n合：#255#5 \n合：#55454#2 【女：#255#5】\n合：144(#5) 【#1#3】#3#2(#7)#3#3#2\n合：(#2)(#6)(#6)(#7) 1#11(#5)#3#2\n合：#245#6#6#5#5 #55454#2\n合：#255#5 \n合：#55454#2【女：#255#5】\n合：144(#5) 【#1#3】#3#2#1(#7)(#7)(#6) (#7)(#6)(#5)(#6)(#6)(#5)(#5)\n```\n\n\n\n## 龙卷风\n\n```\n（3）(7) (7)(6)#1 （3）(7) (7)(6)#1 \n（#4）#1 #1(7)2\n（4）#1 2#1(7)(6)\n（3）(7) (7)(6)#1 （3）(7) (7)(6)#1 \n（#4）#1 #1(7)2\n（4）#1 2#1(7)(6)\n#4#4#1#1(6)(6)（#4）(6)33(7)(7)（#5#53#5）(6)\n（#4）(6)（#4）(6)（#4）(6)(7)#12(7)\n#12 32#1 #123 32#1 #16\n32#1 #123 32#1 #1\n(6)(7) #133 (6)(7)#1 33\n(6)(7) (6)(7) (6)(7)#1(7)#12#1\n32#1 #123 32#1#16\n32#1 #123 32#1#1\n(6)(7)#133 (6)(7)#133\n(67) (6)(7) (6)(7)#1236\n(6)(3)#1(6)2#1(6)(7)#1(7)\n(6)(3)#1(6)2#1(6)(7)#1(7)\n(6)(3)#1(6)2#1(6)(7)#1#1\n(6)(3)#1(6)2#1(6)(7)#1(6)\n```\n\n\n\n## 小幸运\n\n```\n(66)1 1443 32(6)2\n223 3663 31(6)1\n(66)1 1443 32(6)2\n23 #236 54\n\n(66)1 1443 32(6)2\n223 3663 3-(6)1\n(66)1 1443 34(6)2\n243 #236 54\n\n6543 2222 265\n5432 111(6) 154\n4411(4 65)2\n22 4242 42 4444 655\n\n165 45 6156 156\n556#6 654 4(6)24 (6)23\n336 【1】643 2#6#6\n【1】#66 166\n#664 (7)55\n546 5 654\n6156 156\n556#6 654 4(6)24 (6)23\n336 【1】643 2#6#6\n【1】#66 166\n#664 (7)55 //64\n644 654\n```\n\n\n\n## 前前前世\n\n```\n(#47)#1(7) (7)3#2#1(7) (7)#1#2#1#23#2 (77)#1#2#1#23#2#1(7)\n(7#5#4) (#4)3#2#1(7) (7)#1#2#1#23#2 (77)#1#2#1#23#2#1(7)\n(7)#1#2#1#2#1#2#1(7)#1 	#2#2#23#2#1(7)\n(7)#1#2#1#2#1#2#1(7)#1 #2#1#2#1(7)#1#2(7) #4#2#1     \n(7)#1#2#1#2#1#2#1(7)#1 #2#1#2#1(7)#1#2(7) #4#2#1\n(#6#5#6#5#6#57#5#4)  #1#1#1#23#2\n(#6#5#6#5#6#57#5#4)  #2#1(7)#1#1\n\n(7)#1(7)  #4#4#4#2#1 #1#1(7) (7)#1(7)#4#4#4#4#2#1  \n(7)#1#2#1(77#5) (7)#1#2#1(77#57#577)  #4#2#4#2#1\n(7)#1(7)  #4#4#4#2#1 #1#1(7) (7)#1(7)#4#4#4#4#2#1\n(7)#1#2#1(77#5) (7)#1#2#1(77#57)#1#2#1(77)\n(7#57)#1#2#1(77#57)#1#2#1(77#57)#1#2#1(77)\n\n(7#5#4) (#4)3#2#1(7) (7)#1#2#1#23#2 (77)#1#2#1#23#2#1(7)\n(7#5#4) (#4)3#2#1(7) (7)#1#2#1#23#2 (77)#1#2#1#23#2#1(7)\n(7)#1#2#1#23#2#1(7)#1 	#2#2#23#2#1(7)\n(7)#1#2#1#2#1#2#1(7)#1 #2#1#2#1(7)#1#2(7) #4#2#1     \n(7)#1#2#1#2#1#2#1(7)#1 #2#1#2#1(7)#1#2(7) #4#2#1\n(#6#5#6#57#5#4)  #1#1#1#23#2\n(#6#5#6#5#6#57)#1(7)  #2#1(77)#1#1\n\n(7)#1(7)  #4#4#4#2#1 #1#1(7) (7)#1(7)#4#4#4#4#2#1  \n(7)#1#2#1(77#5) (7)#1#2#1(77#57#577)  #4#2#4#2#1\n(7)#1(7)  #4#4#4#2#1 #1#1(7) (7)#1(7)#4#4#4#4#2#1\n(7)#1#2#1(77#5) (7)#1#2#1(77#57)#1#2#1(77)\n(7#57)#1#2#1(77#57)#1#2#1(77#57)#1#2#1(77)\n\n#4#2#1(7#5#4) #1#23#2(7#4) #4#2#1(7#5#4) #1#23#2(7#4) 四遍\n#4#2#1(7#5#4) #4#2#1(7#5#4) #4#2#1(7#5#4) #4#2#1(7#5#4) \n\n#4#4#4#2#1 #1#1(7) (7)#1(7)#4#4#4#4#2#1  \n(7)#1#2#1(77#5) (7)#1#2#1(77#57#577)  #4#2#4#2#1\n(7)#1(7)  #4#4#4#2#1 #1#1(7) (7)#1(7)#4#4#4#4#2#1\n(7)#1#2#1(77#5) (7)#1#2#1(77#57)#1#2#1(77)\n(7#57)#1#2#1(77#57)#1#2#1(77#57)#1#2#1(77)\n```\n\n\n', '线下转线上，谱子备忘录。', 119, 'http://cdn.lululuting.com/890d8a20-d156-11ea-9234-d110872d5c43', '2020-07-29 12:46:59', 1, '简谱,ACG', '0');
INSERT INTO `article` VALUES (31, 1, '嘴巴记住了，脑子记不住的事件', '\n> #### input常用的一些事件\n\n1.onfocus  当input 获取到焦点时触发\n\n2.onblur  当input失去焦点时触发，注意：这个事件触发的前提是已经获取了焦点再失去焦点的时候才会触发该事件，用于判断标签为空。\n\n3.onchange 当input失去焦点并且它的value值发生变化时触发，个人感觉可以用于注册时的确认密码。\n\n4.onkeydown 按下按键时的事件触发，\n\n5.onkeyup 当按键抬起的时候触发的事件，在该事件触发之前一定触发了onkeydown事件--相当于一个按键，两个事件，没怎么用过\n\n6.onclick  主要是用于 input type=button，input作为一个按钮使用时的鼠标点击事件\n\n7.onselect  当input里的内容文本被选中后执行，只要选择了就会触发，不是全部选中\n\n8.oninput  当input的value值发生变化时就会触发，（与onchange的区别是不用等到失去焦点就可以触发了）\n\n9.还有些冷门的propertychange就不做介绍了\n\n> #### 鼠标事件总结\n\n1. click：单击事件。\n2. dblclick：双击事件。\n3. mousedown：按下鼠标键时触发。\n4. mouseup：释放按下的鼠标键时触发。\n5. mousemove：鼠标移动事件。\n6. mouseover：移入事件。\n7. mouseout：移出事件。\n8. mouseenter：移入事件。\n9. mouseleave：移出事件。\n10. contextmenu：右键事件\n\na.移入事件区别：\nmouseover事件和mouseenter事件，都是鼠标进入一个节点时触发。两者的区别是，mouseenter事件只触发一次，而只要鼠标在节点内部移动，mouseover事件会在子节点上触发多次。如果鼠标一开始停留在节点mouseover会触发而mouseenter不会。\nb.可以利用相关的鼠标事件实现拖拽\n\n> #### 移动端的一些触摸事件\n\n###### Webkit内的触摸事件\n事件名称	描述	                          是否包含touches数组\ntouchstart	触摸开始（用户把手指放在屏幕上）	是\ntouchmove	接触点改变（用户在屏幕上移动他的手指且手指不离开屏幕）	是\ntouchend	触摸结束（用户的手指离开屏幕）	是\ntouchcancel	触摸被取消（触摸被一些事情中断，比如通知）	否\n\n###### 触摸对象的属性\n属性	描述\nidentifier	本次触摸的唯一标识符，只要用户的手指保持在屏幕上，这个值就不会改变\nscreenX	触点相对于屏幕左侧的距离\nscreenY	触点相对于屏幕顶部的距离\nclientX	触点相对于浏览器窗口左侧的距离\nclientY	触点相对于浏览器窗口顶部的距离\npageX	触点相对于页面左侧的距离\npageY	触点相对于页面顶部的距离\ntarget	获取事件源，类似于event.target\n\n\n![avatar](http://cdn.lululuting.com/c1bf4bb0-d3cc-11ea-afed-213b6a5ee05c)\n\n', '好记性不如烂笔头', 18, 'http://cdn.lululuting.com/a03b18e0-d3cf-11ea-afed-213b6a5ee05c', '2020-08-01 16:18:49', 18, 'input事件,手机端一些事件', '1');
INSERT INTO `article` VALUES (32, 3, '尾声', '\n当听到别人说2020快点过去的时候\n你总想，再过慢一点吧。\n\n虽然2020发生的不好的事情有很多，让人变得不安与焦躁，但是，它依然是时间的一部分，在时光流逝中，那些陪伴你的人，发生的事，走过的路，看过的景，总是依然让人值得珍惜。\n\n有点似又有点不似一镜到底的拍摄。在你生命中的这场戏中，你不能中途反悔、再次回顾重拍；也不能预知下一步会发生什么事情，更不会说给你准备的机会，看剧本的时间。对于生命这场戏，你手中的剧本可能是空白的，或者说它没有剧本，只有一个记录本，存在你的记忆中，别人的回忆里。\n\n哪些你自己记得的记忆，和别人回忆中的事情，不论是好，是坏；都是你存在的证明，生活的痕迹。不论开心伤心，不论骄傲羞愧，对于哪些转瞬即逝的相逢和离别，你都是珍惜的，甚至不舍的。\n\n2020的尾声就这样到来。翻看日历，发现还有21天，你感觉有点猝不及防，就像期待已久的烟花，忽然间只剩绽放后的余烟，看着它消散在黑幕般的天空中。虽然夜空中点缀的有星星，明天还会升起太阳，你也可能知道下一场烟花绽放的时间，但是还是会有点点失落；不过，希望这时候你身边有可以让你不那么失落的人陪着你，可以抵消你的失落，让你会留意到夜空中的星星和期待明天的太阳升起的样子。\n\n面对尾声，你想你要做点什么吧，做点什么至少要减少一点点失落，少一个小小的遗憾。让你在回忆的时候，可以多点开心，多点骄傲，在别人的回忆中，也多点开心，多点骄傲。\n\n有个朋友说，说出来的，写出来的，可能不会实现，就像你心里会有一些想法，一些计划；有的记录在案，有点心中埋藏。不论什么样的，行动才是最好的说明，那你就要行动起来。让你珍惜的那些转瞬即逝的相逢与离别，更加熠熠生辉。\n\n愿你在平凡的日子里，熠熠生辉。', '转瞬即逝的相逢与离别，每一个瞬间，我都想要珍惜。', 74, 'http://cdn.lululuting.com/b2705780-3ac4-11eb-9e1e-6f628b0bd260', '2020-12-10 16:50:04', 2, '', '0');
INSERT INTO `article` VALUES (33, 2, '2020 秋 火炉山', '## 背景\n\n2020年10月，偶然的一次机会，在朋友圈看到这个图。\n![](http://cdn.lululuting.com/e4073c40-3156-11eb-87f6-678de3774366)\n`好机位啊` 这是我的第一反应。当即问了下朋友图片中的位置，得知是在龙洞，便打算周末实地考察。\n\n## 摄影\n\n前前后后去了两次，第一次，天气并不是很好，下小雨，能见度很低。第二次陪朋友去，没有逗留太久，没怎么拍。总得来讲，风景单一，机位单一，出片就一张，当爬山锻炼身体还不错，算满意吧。\n\n**黄昏**\n\n![](http://cdn.lululuting.com/7cf26060-3161-11eb-87f6-678de3774366)\n\n**夜景**\n\n![](http://cdn.lululuting.com/57055c90-3161-11eb-87f6-678de3774366)\n\n**下面是广角直出**\n\n![](http://cdn.lululuting.com/b4072d10-3161-11eb-87f6-678de3774366)\n\n![](http://cdn.lululuting.com/9c12f950-3161-11eb-87f6-678de3774366)\n\n## 路线\n\n地铁龙洞A口 -> 进入林场大楼 -> 左转 -> 然后看图\n\n![](http://cdn.lululuting.com/de758c90-315c-11eb-87f6-678de3774366)\n![](http://cdn.lululuting.com/c35a32c0-315d-11eb-87f6-678de3774366)\n![](http://cdn.lululuting.com/3e415d10-315e-11eb-87f6-678de3774366)\n![](http://cdn.lululuting.com/8b559260-315e-11eb-87f6-678de3774366)\n\n## 注意事项\n\n充满电，带上水，山上多蚊，记得喷花露水，同时注意保暖。\n\n\n\n', '广州火炉山遥望CBD', 105, 'http://cdn.lululuting.com/52ab5f20-4848-11eb-975c-f5cc15c04cdb', '2020-12-27 21:35:03', 1, '广州,火炉山', '0');
INSERT INTO `article` VALUES (34, 1, '关于博客11月被删库的总结', '这文章老早就想写了，因为工作以及家里也发生了一些事，一直拖到现在。\n\n## 始末\n\n故事发生在上个月，11月29日，正值周末。\n按往常周末一样，一觉睡到12点。醒了就打开手机刷微博，刷着刷着突然想起昨晚博客发了篇新文章，看看今天会不会有靓仔看到呢？他会不会点赞呢？怀着期待的心情用手机浏览器输入域名进博客。打开后并没有按预期哪样子看到点赞，也没有浏览量，甚至连文章都不见了。会不会手机浏览器抽风了又或者是`接口炸了`，当时没多想就继续刷着微博。后面起床后开了电脑，想起早上报错的事得验证和解决一下，点开博客一看。好家伙，真的一篇文章都没有。接口爆了500，然后我就去查后端代码，发现异常是来自数据库。轻车熟路打开我的破解版navicat，点进数据库一看，卧槽，我的数据库呢？我的数据库飞了？诺大的数据库只留下一个叫`warning`的表，点开里面只有这么一个条记录。\n![WechatIMG75.jpeg](http://cdn.lululuting.com/e35849d0-485b-11eb-aff1-af055ca77158)\n\n英语渣渣，当时我还以为是服务器抽风了数据库环境出了问题。然后复制翻译一下。\n\n![WechatIMG76.jpeg](http://cdn.lululuting.com/81079140-485c-11eb-aff1-af055ca77158)\n\n什么鬼，比特币？我的乖乖，吸了一口凉气，这时确定是被搞了。想起几年前之前看过相关的新闻，也知道有这种病毒，还记得当时新闻说都的特币病毒是搞windows10漏洞将电脑硬盘加密锁数据然后再勒索的。当时很多学校都中招了。一直以为这种只会在电视上出现的电脑病毒离我很遥远，没想到今天会发生在我身上，但当时并没有慌，甚至还有点小高兴，好家伙，这破服务器都有人搞，出息了。想着都几年前都病毒了，应该都有方法治了吧？小事情，看我百度一下恢复数据。\n![20211228093454.jpg](http://cdn.lululuting.com/004dc190-48ad-11eb-ab98-99341208dc8a)\n\n事情就这样完了吗 ，没这么简单。接下来，我花了一下午时间找方法恢复数据，各大技术社区 github 掘金 知乎 SF stackoverflow都逛遍了问遍了朋友圈的后端大佬，但答案都指向同一个  ---`无解` 。好不容易在知乎看到个技术贴说可以用`log操作日志`来恢复，但按教程一做，mysql log默认是关闭的，直接宣布死刑...\n![20211228093740.jpg](http://cdn.lululuting.com/71bbfea0-48ad-11eb-ab98-99341208dc8a)\n\n这这玩意这么厉害的吗？没人治得了他吗？心里把这病毒的作者的祖宗十八代个个问候了遍。既然这么吊，惹不起惹不起，我还躲不起吗，我用备份数据恢复还不行吗？\n![20211228094124.jpg](http://cdn.lululuting.com/d93d2fe0-48ad-11eb-ab98-99341208dc8a)\n但我找遍了整个硬盘，才找到一份备份日期为 8月10号但sql文件，也就是说 我要用这份sql来恢复数据的话。我至少丢失3个月的数据，操了啊，3个月啊！丢的还不单单是我这3个月的文章，（当初还忽悠了一个UI设计师来这写博客，我说提供平台给她让她传作品和链接上来后面用做找工作的简历作品链接。）就是这3个月 UI很积极上传不少，现在全丢了！当时心情就很沉重，感觉对不起UI，因为写一篇博客真的很费时间和精力。\n你可能会说就几篇破文章，不值钱的东西，丢了就丢了无所谓嘛。破文章确实没什么价值，如果只是我自己的丢了我甚至还会认同你说得好，但别人的也搞丢了就大事情了。`承诺了的事情就有了责任`，没做好丢了数据，这是我的问题，答应人家的事情搞砸了那种感觉～ 很操蛋的。 又把病毒作者祖宗十八代问后了一遍...\n\n## 解决\n\n事已至此，怨天尤人无任何作用，积极补救吧。\n\n1. 用8月10号的数据恢复了数据库，网站得以正常运作，但丢失了3个月数据。\n2. 跟UI说明情况，赔礼道歉，并得到了原谅。\n3. 调查原因，反思事故。\n4. 对网站进行安全性的升级。\n\n## 总结\n\n总结一下，首先由于我服务器数据库密码过于简单，端口还是默认的3306，防火墙什么的都没有开启。导致这种概率事件到我这里就成了必然事件。\n然后，之前数据库容灾什么的都没做。导致事情发生后无计可施。\n所以，后面我做了以下补救措施，就目前个人博客的业务来说，大概也够用了吧。\n\n1. 修改了数据库默认端口和换上复杂的密码。\n2. 阿里云关闭了数据库远程访问端口的权限。\n3. 服务器做了自动备份的脚本，每天定时备份sql，保留30天。\n\n如果你有更好的方法和补救措施欢迎私信我。\n\n至此，事情结束。\n\n', '没错，中招了！', 181, 'http://cdn.lululuting.com/bc37e200-484e-11eb-8094-85b54b98a463', '2020-12-27 22:20:57', 1, '勒索病毒,总结', '0');
INSERT INTO `article` VALUES (36, 1, 'Vditor 一款浏览器端的Markdown编辑器', '## 背景\n\n由于之前的 [editor.md](https://pandao.github.io/editor.md/examples/index.html)  配合 [marked](https://link.ld246.com/forward?goto=https%3A%2F%2Fgithub.com%2Fmarkedjs%2Fmarked)  真的太重了！迫不得已一直在寻找替代方案。上班划水时偶然看到 [Vditor](https://ld246.com/article/1549638745630)，很惊艳， 果断给前台和后台都换上这个，可以说是目前我遇到的最好用的 Markdown 编辑器了\n\n实际使用效果如下，确实不错，推荐一下。\n\n![QQ截图20210112000714.png](http://cdn.lululuting.com/949802e0-5427-11eb-94fb-3f569e4878ce)\n\n官网抄了一篇示范感受下：\n\n![](https://static.b3log.org/vditor/images/editor.png)\n\nVditor 是一款**所见即所得**编辑器，支持 *Markdown*。\n\n* 不熟悉 Markdown 可使用工具栏或快捷键进行排版\n* 熟悉 Markdown 可直接排版，也可切换为分屏预览\n\n更多细节和用法请参考 [Vditor - 浏览器端的 Markdown 编辑器](https://ld246.com/article/1549638745630)，同时也欢迎向我们提出建议或报告问题，谢谢 ❤️\n\n## 编辑模式\n\n所见即所得（WYSIWYG）模式：对不熟悉 Markdown 的用户较为友好，熟悉 Markdown 的话也可以无缝使用。 ![](https://static.b3log.org/vditor/images/wysiwyg.gif)\n\n即时渲染（IR）模式：熟悉 Typora 的用户应该不会感到陌生，理论上这是最优雅的 Markdown 编辑方式。 ![](https://static.b3log.org/vditor/images/ir.gif)\n\n分屏预览（SV）模式：传统的分屏预览模式适合大屏下的 Markdown 编辑。 ![](https://static.b3log.org/vditor/images/sv.gif)\n\n## 预览模式\n\n### 普通内容\n\n这段内容展示了在内容里面一些排版格式，比如：\n\n- **加粗** -`**加粗**`\n- *倾斜* -`*倾斜*`\n- ~~删除线~~ -`~~删除线~~`\n- `Code 标记` -`` `Code 标记` ``\n- [超级链接](https://ld246.com) -`[超级链接](https://ld246.com)`\n- [username@gmail.com](mailto:username@gmail.com) -`[username@gmail.com](mailto:username@gmail.com)`\n\n### 提及用户\n\n@Vanessa 通过 `@User` 可以在内容中提及用户，被提及的用户将会收到系统通知。\n\n> NOTE:\n> \n> 1. @用户名之后需要有一个空格\n> 2. 新手没有艾特的功能权限\n\n### 表情符号 Emoji\n\n支持大部分标准的表情符号，可使用输入法直接输入，也可手动输入字符格式。通过输入 `:` 触发自动完成，可在个人设置中[设置常用表情](https://ld246.com/settings/function)。\n\n#### 一些表情例子\n\n😄 😆 😵 😭 😰 😅  😢 😤 😍 😌\n👍 👎 💯 👏 🔔 🎁 ❓ 💣 ❤️ ☕️ 🌀 🙇 💋 🙏 💢\n\n### 大标题 - Heading 3\n\n你可以选择使用 H1 至 H6，使用 ##(N) 打头。建议帖子或回帖中的顶级标题使用 Heading 3，不要使用 1 或 2，因为 1 是系统站点级，2 是帖子标题级。\n\n> NOTE: 别忘了 # 后面需要有空格！\n\n#### Heading 4\n\n##### Heading 5\n\n###### Heading 6\n\n### 图片\n\n```\n![alt 文本](http://image-path.png)\n![alt 文本](http://image-path.png \"图片 Title 值\")\n```\n\n支持复制粘贴直接上传。\n\n### 代码块\n\n#### 普通\n\n```\n*emphasize*    **strong**\n_emphasize_    __strong__\nvar a = 1\n```\n\n#### 语法高亮支持\n\n如果在 ``` 后面跟随语言名称，可以有语法高亮的效果哦，比如:\n\n##### 演示 Go 代码高亮\n\n```go\npackage main\n\nimport \"fmt\"\n\nfunc main() {\n	fmt.Println(\"Hello, 世界\")\n}\n```\n\n##### 演示 Java 高亮\n\n```java\npublic class HelloWorld {\n\n    public static void main(String[] args) {\n        System.out.println(\"Hello World!\");\n    }\n\n}\n```\n\n> Tip: 语言名称支持下面这些: `ruby`, `python`, `js`, `html`, `erb`, `css`, `coffee`, `bash`, `json`, `yml`, `xml` ...\n\n### 有序、无序、任务列表\n\n#### 无序列表\n\n- Java\n  - Spring\n    - IoC\n    - AOP\n- Go\n  - gofmt\n  - Wide\n- Node.js\n  - Koa\n  - Express\n\n#### 有序列表\n\n1. Node.js\n   1. Express\n   2. Koa\n   3. Sails\n2. Go\n   1. gofmt\n   2. Wide\n3. Java\n   1. Latke\n   2. IDEA\n\n#### 任务列表\n\n- [x] 发布 Sym\n- [x] 发布 Solo\n- [ ] 预约牙医\n\n### 表格\n\n如果需要展示数据什么的，可以选择使用表格。\n\n| header 1 | header 2 |\n| - | - |\n| cell 1 | cell 2 |\n| cell 3 | cell 4 |\n| cell 5 | cell 6 |\n\n### 隐藏细节\n\n<details>\n<summary>这里是摘要部分。</summary>\n这里是细节部分。\n</details>\n\n### 段落\n\n空行可以将内容进行分段，便于阅读。（这是第一段）\n\n使用空行在 Markdown 排版中相当重要。（这是第二段）\n\n### 链接引用\n\n[链接文本][链接标识]https://b3log.orghttps://b3log.org\n\n```\n[链接文本][链接标识]\n\n[链接标识]: https://b3log.org\n```\n\n### 数学公式\n\n多行公式块：\n\n$$\n\\frac{1}{\n  \\Bigl(\\sqrt{\\phi \\sqrt{5}}-\\phi\\Bigr) e^{\n  \\frac25 \\pi}} = 1+\\frac{e^{-2\\pi}} {1+\\frac{e^{-4\\pi}} {\n    1+\\frac{e^{-6\\pi}}\n    {1+\\frac{e^{-8\\pi}}{1+\\cdots}}\n  }\n}\n$$\n\n行内公式：\n\n公式 $a^2 + b^2 = \\color{red}c^2$ 是行内。\n\n### 脑图\n\n```mindmap\n- 教程\n- 语法指导\n  - 普通内容\n  - 提及用户\n  - 表情符号 Emoji\n    - 一些表情例子\n  - 大标题 - Heading 3\n    - Heading 4\n      - Heading 5\n        - Heading 6\n  - 图片\n  - 代码块\n    - 普通\n    - 语法高亮支持\n      - 演示 Go 代码高亮\n      - 演示 Java 高亮\n  - 有序、无序、任务列表\n    - 无序列表\n    - 有序列表\n    - 任务列表\n  - 表格\n  - 隐藏细节\n  - 段落\n  - 链接引用\n  - 数学公式\n  - 脑图\n  - 流程图\n  - 时序图\n  - 甘特图\n  - 图表\n  - 五线谱\n  - Graphviz\n  - 多媒体\n  - 脚注\n- 快捷键\n```\n\n### 流程图\n\n```mermaid\ngraph TB\n    c1-->a2\n    subgraph one\n    a1-->a2\n    end\n    subgraph two\n    b1-->b2\n    end\n    subgraph three\n    c1-->c2\n    end\n```\n\n### 时序图\n\n```mermaid\nsequenceDiagram\n    Alice->>John: Hello John, how are you?\n    loop Every minute\n        John-->>Alice: Great!\n    end\n```\n\n### 甘特图\n\n```mermaid\ngantt\n    title A Gantt Diagram\n    dateFormat  YYYY-MM-DD\n    section Section\n    A task           :a1, 2019-01-01, 30d\n    Another task     :after a1  , 20d\n    section Another\n    Task in sec      :2019-01-12  , 12d\n    another task      : 24d\n```\n\n### 图表\n\n```echarts\n{\n  \"title\": { \"text\": \"最近 30 天\" },\n  \"tooltip\": { \"trigger\": \"axis\", \"axisPointer\": { \"lineStyle\": { \"width\": 0 } } },\n  \"legend\": { \"data\": [\"帖子\", \"用户\", \"回帖\"] },\n  \"xAxis\": [{\n      \"type\": \"category\",\n      \"boundaryGap\": false,\n      \"data\": [\"2019-05-08\",\"2019-05-09\",\"2019-05-10\",\"2019-05-11\",\"2019-05-12\",\"2019-05-13\",\"2019-05-14\",\"2019-05-15\",\"2019-05-16\",\"2019-05-17\",\"2019-05-18\",\"2019-05-19\",\"2019-05-20\",\"2019-05-21\",\"2019-05-22\",\"2019-05-23\",\"2019-05-24\",\"2019-05-25\",\"2019-05-26\",\"2019-05-27\",\"2019-05-28\",\"2019-05-29\",\"2019-05-30\",\"2019-05-31\",\"2019-06-01\",\"2019-06-02\",\"2019-06-03\",\"2019-06-04\",\"2019-06-05\",\"2019-06-06\",\"2019-06-07\"],\n      \"axisTick\": { \"show\": false },\n      \"axisLine\": { \"show\": false }\n  }],\n  \"yAxis\": [{ \"type\": \"value\", \"axisTick\": { \"show\": false }, \"axisLine\": { \"show\": false }, \"splitLine\": { \"lineStyle\": { \"color\": \"rgba(0, 0, 0, .38)\", \"type\": \"dashed\" } } }],\n  \"series\": [\n    {\n      \"name\": \"帖子\", \"type\": \"line\", \"smooth\": true, \"itemStyle\": { \"color\": \"#d23f31\" }, \"areaStyle\": { \"normal\": {} }, \"z\": 3,\n      \"data\": [\"18\",\"14\",\"22\",\"9\",\"7\",\"18\",\"10\",\"12\",\"13\",\"16\",\"6\",\"9\",\"15\",\"15\",\"12\",\"15\",\"8\",\"14\",\"9\",\"10\",\"29\",\"22\",\"14\",\"22\",\"9\",\"10\",\"15\",\"9\",\"9\",\"15\",\"0\"]\n    },\n    {\n      \"name\": \"用户\", \"type\": \"line\", \"smooth\": true, \"itemStyle\": { \"color\": \"#f1e05a\" }, \"areaStyle\": { \"normal\": {} }, \"z\": 2,\n      \"data\": [\"31\",\"33\",\"30\",\"23\",\"16\",\"29\",\"23\",\"37\",\"41\",\"29\",\"16\",\"13\",\"39\",\"23\",\"38\",\"136\",\"89\",\"35\",\"22\",\"50\",\"57\",\"47\",\"36\",\"59\",\"14\",\"23\",\"46\",\"44\",\"51\",\"43\",\"0\"]\n    },\n    {\n      \"name\": \"回帖\", \"type\": \"line\", \"smooth\": true, \"itemStyle\": { \"color\": \"#4285f4\" }, \"areaStyle\": { \"normal\": {} }, \"z\": 1,\n      \"data\": [\"35\",\"42\",\"73\",\"15\",\"43\",\"58\",\"55\",\"35\",\"46\",\"87\",\"36\",\"15\",\"44\",\"76\",\"130\",\"73\",\"50\",\"20\",\"21\",\"54\",\"48\",\"73\",\"60\",\"89\",\"26\",\"27\",\"70\",\"63\",\"55\",\"37\",\"0\"]\n    }\n  ]\n}\n```\n\n### 五线谱\n\n```abc\nX: 24\nT: Clouds Thicken\nC: Paul Rosen\nS: Copyright 2005, Paul Rosen\nM: 6/8\nL: 1/8\nQ: 3/8=116\nR: Creepy Jig\nK: Em\n|:\"Em\"EEE E2G|\"C7\"_B2A G2F|\"Em\"EEE E2G|\\\n\"C7\"_B2A \"B7\"=B3|\"Em\"EEE E2G|\n\"C7\"_B2A G2F|\"Em\"GFE \"D (Bm7)\"F2D|\\\n1\"Em\"E3-E3:|2\"Em\"E3-E2B|:\"Em\"e2e gfe|\n\"G\"g2ab3|\"Em\"gfeg2e|\"D\"fedB2A|\"Em\"e2e gfe|\\\n\"G\"g2ab3|\"Em\"gfe\"D\"f2d|\"Em\"e3-e3:|\n```\n\n### Graphviz\n\n```graphviz\ndigraph finite_state_machine {\n    rankdir=LR;\n    size=\"8,5\"\n    node [shape = doublecircle]; S;\n    node [shape = point ]; qi\n\n    node [shape = circle];\n    qi -> S;\n    S  -> q1 [ label = \"a\" ];\n    S  -> S  [ label = \"a\" ];\n    q1 -> S  [ label = \"a\" ];\n    q1 -> q2 [ label = \"ddb\" ];\n    q2 -> q1 [ label = \"b\" ];\n    q2 -> q2 [ label = \"b\" ];\n}\n```\n\n### Flowchart\n\n```flowchart\nst=>start: Start\nop=>operation: Your Operation\ncond=>condition: Yes or No?\ne=>end\n\nst->op->cond\ncond(yes)->e\ncond(no)->op\n```\n\n### 多媒体\n\n支持 v.qq.com，youtube.com，youku.com，coub.com，facebook.com/video，dailymotion.com，.mp4，.m4v，.ogg，.ogv，.webm，.mp3，.wav 链接解析\n\nhttps://v.qq.com/x/cover/zf2z0xpqcculhcz/y0016tj0qvh.html\n\n### iframe\n\n魔改样式自适应，移动端适用。\n\n<div style=\"position: relative; padding: 30% 45%;\">\n<iframe style=\"position: absolute; width: 100%; height: 100%; left: 0; top: 0;\" src=\"//player.bilibili.com/player.html?aid=92015582&cid=157112076&page=1&as_wide=1&high_quality=1&danmaku=0\" frameborder=\"no\" scrolling=\"no\"></iframe></div>\n\n### 脚注\n\n这里是一个脚注引用[^1]，这里是另一个脚注引用[^bignote]。\n\n缩进对齐的段落包含在这个脚注定义内。\n\n```\n可以使用代码块。\n```\n\n还有其他行级排版语法，比如**加粗**和[链接](https://b3log.org)。\n\n```\n这里是一个脚注引用[^1]，这里是另一个脚注引用[^bignote]。\n[^1]: 第一个脚注定义。\n[^bignote]: 脚注定义可使用多段内容。\n\n    缩进对齐的段落包含在这个脚注定义内。\n\n    ```\n    可以使用代码块。\n    ```\n\n    还有其他行级排版语法，比如**加粗**和[链接](https://b3log.org)。\n```\n\n## 快捷键\n\n我们的编辑器支持很多快捷键，具体请参考 [键盘快捷键](https://ld246.com/article/1474030007391)（或者按 \"`?` \"😼）\n\n[^1]: 第一个脚注定义。\n\n[^bignote]: 脚注定义可使用多段内容。\n\n', '目前最好用的Markdown编辑器', 186, 'http://cdn.lululuting.com/bc264320-53f1-11eb-bfcb-0fdd4115cbbd', '2021-01-11 17:19:24', 1, 'Vditor,Markdown', '0');
INSERT INTO `article` VALUES (37, 1, '记录一下应用市场图', '应用市场图是产品安卓市场中的预览图，又叫  *应用截图*   、*市场图*  、*APP预览图*  、*市场预览图*  、*上架图*  等。习惯叫法不一样，我们知道相同意思就可以了。\n\n## 表现形式\n\n市场图支持**静态图片**和**视频**两种形式。静态图是必须提供的，视频是*可选项*，可做可不做。\n\n**静态图片**\n必须项；格式：JPG、PNG；\n数量：1-5张。\n\n**视频**\n非必须项；格式：mov、m4v、mp4。\n数量：1-3个。\n\n**根据内容和项目排期确定表现形式，表现内容可以分为功能、内容、运营三个方面。**\n\n* 功能\n  根据功能来做市场图，展现产品的亮点、价值、核心功能或是本次更新改版的特性等，主要是让用户快速得到有价值的信息，了解产品的功能特性，区别于竞品。\n* 内容\n  展示产品的内容，一般内容平台型产品如视频、书籍、音频类用的比较多，产品的内容资源丰富，更新较快时效性较强、经常结合当下的热点资源，以内容吸引用户。\n* 运营\n  配合运营需求展示产品内的近期的促销、专题活动、赛事等，电商类大型活动前一般会选择此类内容宣传推广以加大活动的[曝光率]。\n\n## 图片文案规范\n\n由于新的广告法颁布，平台会禁止开发者使用“违规”宣传语，以保障行业得公平竞争环境。\n\n禁止的绝对化用语仅限于作为最高形容词或类似语句，“权威、最优秀、最大、最好、领先领导者、缔造者、全国销量冠军、全网第一、销量第一、排名第一.....”这些极限词得使用需要规避。\n\n网络上也有广告法禁用词的查询工具，可以自己检索查询。以避免后期大批量的改图增加工作量。\n\n![市场图辅助图01.png](http://cdn.lululuting.com/5f20c2e0-6acb-11eb-aee2-2fb170e17949)\n\n* 尽量不使用华为、苹果的样机\n* 设计上以页面展示为主，装饰为辅\n* 数量上一般为1-5张，前两张市场图作为设计的重点\n* 以App功能的优先级进行排列\n\n## 市场图尺寸规范\n\n市场图不同于页面设计，市场图在不同平台市场使用，每个平台都有自己的规范，近两年安卓各平台间的差异化逐渐缩小，可以通用的尺寸正在增加。\n\n**几个主流平台规范**\n\n* **华为**\n  图标：216/216、PNG、直角。\n  至少**3**张图，不小于450/800，宽高比为9:16，单张图片小于2M，支持JPG、PNG。\n* **VIVO**\n  **3-5**张，不小于480/800，支持JPG、PNG。\n* **百度手机助手**\n  图标：512/512、PNG&JPG、圆角，要求无百边且小于800K。\n  至少不少于**4**张，不小于480/800，单张图片小于2M，支持JPG、PNG。\n* **小米**\n  图标：90/90、136/136、168/168、192/192、224/224、PNG、直角。\n  至少**3**张，尺寸720/1280、1080/1920，不小于480/854，支持横屏或竖屏，要求使用小米样机。\n* **安智市场**\n  图标：512/512、PNG、无白边、直角、小于1M。\n  至少**4**张，不小于480/800，单张图片小于1M，支持JPG、PNG。\n* **应用宝**\n  图标：16/16、50/50、64/64、75/75、100/100 20K之内、512/512 200K之内、PNG、直角。\n  **2-5**张，不小于480/800，单张图片小于1M，支持JPG、PNG。\n* **360手机助手**\n  图标：512/512、PNG、圆角半径弧度:70PX、无白边。\n  **4-5**张，不小于480/800，单张图片小于3M，支持横屏或竖屏，去除图中的顶部通知栏，支持JPG、PNG。\n* **魅族**\n  图标：512/512、PNG、直角，小于1M。\n  至少**3**张，四种尺寸：720/1280、1012/1800、1080/1930、1440/2560，单张图片小于5M，支持横屏或竖屏，支持PNG。\n* **搜狗手机助手**\n  图标：512/512、PNG、小于1M圆角透明图标。\n  **4-5**张，不小于480/800，单张图片小于3M，支持JPG、PNG。\n  \n  **安卓市场基本可以概括为两种尺寸：480/800和1080/1920**\n\n## 组成元素与设计样式\n\n市场图的组成元素主要有界面截图、文案、手机框、内容元素和应用组件。\n\n元素组合成设计样式有以下4种：\n\n* **界面截图**\n  这种形式直接使用APP的界面截图，简单粗暴不加任何设计，从浏览者的角度来说，这种样式就略显平庸了，缺乏对用户的引导，浏览的时候需要自己去发现界面中的功能特点等，吸引力相对小一些。\n  ![央视体育.jpg](http://cdn.lululuting.com/0dc66850-6adf-11eb-aee2-2fb170e17949)\n* **截图+文案**\n  界面截图和本页的说明文案，文案让页面的功能特点更突出易于理解，同时页面也可以保持较大的展示效果。需要注意iOS和Android系统的状态栏要求，准备不同系统的页面。\n  ![小红书.jpg](http://cdn.lululuting.com/202578b0-6adf-11eb-aee2-2fb170e17949)\n* **截图+文案+手机框**\n  在文案的基础上再加入手机框让截图更接近真实的使用情景，更容易代入。需要注意不同平台是否对手机样机有要求。有个小窍门可以减少我们的工作量，如果平台没有特殊制定的手机框，我们可以使用自己画的虚拟手机框，这样就可以通用而不会涉及品牌问题了。\n  ![PICO.jpg](http://cdn.lululuting.com/32e805d0-6adf-11eb-aee2-2fb170e17949)\n* **截图+文案+手机框+内容元素、应用组件**\n  这种样式设计感较强有很大的发挥的空间，利用元素形成视觉中心，强调主题内容，形式活泼变化丰富，可以形成强烈的视觉效果吸引用户。但加入内容元素后，界面截图的展示相对会较小，同时设计成本较高。后面各平台有些较特殊尺寸的图，内容元素可能会需要单独调整，花费时间较多。\n  ![青少儿英语.jpg](http://cdn.lululuting.com/6142ef80-6adf-11eb-aee2-2fb170e17949)\n\n以上4种样式各有利弊 ，具体还需要根据表现内容和项目排期来选择。时间紧急的情况下可以选择界面截图，希望尽可能大的展现界面则可以选择截图+文案的样式，时间充裕希望有强烈的视觉效果则可以选择较为灵活的截图+文案+手机框+内容元素、应用组件。\n\n## 设计风格\n\n选择了设计样式接下来就是考虑设计风格了，下面就介绍几种主流的风格。\n\n* **商务风**\n  这种风格使用率比较高，采用简洁的设计主要突出应用截图，文案强调产品的重点信息，用户接受度高，不易出错，适合用户群体跨度大的产品。\n  ![学习强国.jpg](http://cdn.lululuting.com/e95a1870-6adb-11eb-aee2-2fb170e17949)\n* **插画风**\n  插画有很强的视觉表现力，浏览的时候更容易被图片吸引，也能形成更多的记忆点，给用户留下更深刻的印象。本身较为简单的产品，界面截图缺乏吸引力的话，可以选择加入插画，增加视觉表现力区别于竞品，吸引用户。\n  ![录音笔记.jpg](http://cdn.lululuting.com/721329e0-6adc-11eb-aee2-2fb170e17949)\n* **全彩风**\n  这种风格每张图选择不一样的色彩，通过丰富鲜艳的色彩来吸引用户，影响人们的心情。色彩可以轻易唤起人们愉悦感，是影响人们情绪的重要元素，正是人们对颜色的喜爱形成了这种风格。\n  ![简书.jpg](http://cdn.lululuting.com/b38e5110-6adc-11eb-aee2-2fb170e17949)\n* **跨屏风**\n  跨屏风是图片内容跨越两张或多张图，相当于把两张预览图的面积合成一张使用，这样在浏览的时候无疑是加大了视觉冲击力，更容易吸引用户的注意力。\n  ![有道云.jpg](http://cdn.lululuting.com/df872ee0-6adc-11eb-aee2-2fb170e17949)\n* **元素风**\n  在图中加入页面组件或是IP形象，打造亮点让用户的聚焦，关注元素内容，第一时间注意到产品的特点。这种风格比较灵活，丰富活泼视觉表现力强，IP形象的加入可以形成自己的品牌特色让产品和竞品区分出来。\n  ![西瓜视频.jpg](http://cdn.lululuting.com/088b5dc0-6add-11eb-aee2-2fb170e17949)\n  对风格的归纳总结也是为了我们在设计的时候，有一套较为实用的方法论可以参考，有抓手更好的使用它们。最后的画面效果还需要我们的灵活运用，而不是被风格形式所累，限定自己的思维。\n  \n  ## 重点\n* iOS的尺寸其中iPhone X 886/1920以及iPhone 4 640/960需要单独处理，其他机型都可以750/1334的尺寸进行缩放。\n* 安卓市场基本可以概括为两种尺寸：480/800和1080/1920，再针对各平台特殊的手机外壳、状态栏要求进行微调。\n* 需要检查文案内容，避免极限词的使用。\n* 需要检查所用页面内容是否与提交审核的版本一致，避免因为内容不符而审核不通过耽误项目进度。\n* 应用截图、市场图、APP预览图、市场预览图、上架图等，有静态图片和视频两种表现形式。\n* 市场图的表现内容可以分为功能、内容、运营三个方面。\n* 市场图的组成元素主要有界面截图、文案、手机框、内容元素和应用组件。\n\n> 参考引文\n> 浅析APP应用截图的类型http://t.cn/E9ZEhM5\n> App Store connect 帮助 http://t.cn/EChYzCy>\n> 华为创建并管理应用操作指南 http://t.cn/Ea6OWlK\n> 小米文档中心-应用商店 http://t.cn/EKxGfEf\n> 度移动开发平台-应用管理 http://t.cn/EChdYQf\n> 魅族应用审核规范 http://t.cn/EChgoY2\n> 三星应用商店上传指南 http://t.cn/EChgkye\n> 360移动开发平台-应用提交 http://t.cn/ECheJjl\n> 腾讯开发平台-应用管理 http://t.cn/EChDIbf\n> 中华人民共和国广告法 http://t.cn/RA8POUQ\n\n', '主流平台尺寸规范', 32, 'http://cdn.lululuting.com/1eadd330-6ae7-11eb-aee2-2fb170e17949', '2021-02-09 22:57:32', 3, '', '0');
INSERT INTO `article` VALUES (38, 1, 'AirBbag应用市场图', '## AirBbag2.0版上线图\n\n#### 海淘全球正品-秒杀最低价\n\n![海淘全球正品-秒杀最低价.jpg](http://cdn.lululuting.com/cd3d6fa0-7a50-11eb-b705-a73cbb7bebb1)\n\n---\n\n\n\n#### 天天捡漏-发现全球好货\n\n![天天捡漏-发现全球好货.jpg](http://cdn.lululuting.com/dca4eae0-7a50-11eb-b705-a73cbb7bebb1)\n\n---\n\n#### 品质保证-三方平台担保交易\n\n\n![品质保证-三方平台担保交易.jpg](http://cdn.lululuting.com/e7c54690-7a50-11eb-b705-a73cbb7bebb1)\n\n---\n\n#### 坐飞机赚钱-候机帮买立享高额佣金\n\n\n\n![坐飞机赚钱-候机帮买立享高额佣金.jpg](http://cdn.lululuting.com/f1861240-7a50-11eb-b705-a73cbb7bebb1)\n\n---\n\n#### 注册就送-新用户专享3000元礼包\n\n\n\n![注册就送-新用户专享3000元礼包.jpg](http://cdn.lululuting.com/f7be2c60-7a50-11eb-b705-a73cbb7bebb1)\n\n\n\n\n', '时间太紧了', 37, 'http://cdn.lululuting.com/a15819d0-7a50-11eb-b705-a73cbb7bebb1', '2021-02-09 23:30:34', 3, '', '0');
INSERT INTO `article` VALUES (39, 3, '想要什么？要做什么？', '# 2021\n\n你\n\n## 想要什么？\n\n你\n\n## 要做什么？\n\n', '2021 你想要什么？你要做什么？', 0, 'http://cdn.lululuting.com/55f23bb0-7348-11eb-9533-c7873b87c32c', '2021-02-20 14:53:28', 2, '', '1');
INSERT INTO `article` VALUES (44, 1, '表情包合集', '## AirBbag表情包\n\n吉祥物系列表情包，2020年7月为公司创作的微信表情包，共计14个。第一套日常篇动态表情，里面借鉴了行李箱的形象。\n\n有一些动效做得欠考虑，略显生硬，第一次尝试，多多提建议~\n\n##### 静态表情包\n\n\n\n![表情包_画板 1.jpg](http://cdn.lululuting.com/234a8040-7731-11eb-bc62-2961c3cfee38)\n\n##### 动态表情包\n\n![表情包psd的gif.gif](http://cdn.lululuting.com/71b460e0-7739-11eb-a301-a582216ffde8)\n\n', 'AirBbag篇', 31, 'http://cdn.lululuting.com/5ecd49e0-773b-11eb-a301-a582216ffde8', '2021-02-25 15:31:06', 3, '表情包', '0');
INSERT INTO `article` VALUES (42, 3, '2021 计划', '**2020已过，[上一年的flag](https://lululuting.com/detail?id=21)只实现了一半，今年也得继续加油啊！**\n\n**今年要做的事情：**\n\n1.考tm的`驾照`（上车就头晕实在没兴趣，家里逼的没办法，今年要考了😕 ）\n2.万年目标`女朋友` （天天催天天催）\n3.`减肥`啊肥仔 （管住嘴，迈开腿，漫长的战斗）\n4.`存钱`存钱存钱 （听到没！）\n5.求求你`不要再熬夜了` （身体是革命的本钱，出来混迟早要还的。今年要做到12点前睡觉！）\n6.`约拍`吗美女（一套写真1299 ！！！我酸了。多点练习，我也要接单，我也要捞钱！）\n7.教练我想`学Java` （市场注定是要往全栈方向走）\n\n\n\n2022 再来看咯！👀️ \n\n\n\n', '2021 flag', 64, 'http://cdn.lululuting.com/b0dae450-74b5-11eb-b709-09d1afa8cb14', '2021-02-22 10:30:41', 1, '2021flag,牙齿当金使', '0');
INSERT INTO `article` VALUES (45, 1, '临摹学习', '想画点什么东西的时候，脑子里空空的，不知道咋下笔，那就从临摹开始吧！希望每天都有进步~~~好喜欢这种风格！！❤️\n\n## 临摹剪影星空\n\n练习山体线条的绘制、内阴影的添加、渐变色、配色、蒙版...知识点满满~\n\n![星空.jpg](http://cdn.lululuting.com/a66e40a0-7a39-11eb-b705-a73cbb7bebb1)\n\n## 临摹趣味食物\n\n练习层次的把握、阴影光影的角度，对位关系、比例关系、转角关系等等。\n![趣味食物.jpg](http://cdn.lululuting.com/68b21910-7a40-11eb-b705-a73cbb7bebb1)\n\n## 临摹甜品铺子\n\n这种扁平风格的看着简单，但实际挺考验软件的操作熟练程度，细节方面也需要考虑到。\n\n![甜品铺子.jpg](http://cdn.lululuting.com/65237740-7a44-11eb-b705-a73cbb7bebb1)\n\n## 临摹太空探索\n\n个人练习，临摹作品，感觉挺好玩的。\n\n![太空探索.jpg](http://cdn.lululuting.com/cddc5340-7a46-11eb-b705-a73cbb7bebb1)\n\n## 2.5D字母\n\n改动了一点点，这个系列还没完。\n\n![A_画板 1.png](http://cdn.lululuting.com/324bb0d0-7a6c-11eb-98d5-f1321b4b3793)\n\n\n\n## 临摹小怪兽\n\n偶然在哔哩哔哩看到的，觉得好看而且也练习一下噪点就临摹了。很萌很可爱的小怪兽\n\n![噪点小怪兽.jpg](http://cdn.lululuting.com/b30d56a0-7a45-11eb-b705-a73cbb7bebb1)\n\n## 临摹独角兽\n\n临摹[吴杨峰](https://space.bilibili.com/18941356/)老师的作品，超级喜欢这种风格，清冷梦幻。练习配色，钢笔，蒙版，渐变，角度等。\n\n![临摹-独角兽.jpg](http://cdn.lululuting.com/ebae8520-7a44-11eb-b705-a73cbb7bebb1)\n\n## AirBbag原创插画\n\n根据公司需求做的几幅场景插画\n\n![飞包插画.jpg](http://cdn.lululuting.com/7c27fa30-7a4c-11eb-b705-a73cbb7bebb1)\n\n', '在练习中学习还是很靠谱的方法！！\n\n', 34, 'http://cdn.lululuting.com/a4b1b700-7a4e-11eb-b705-a73cbb7bebb1', '2021-03-01 13:26:42', 3, '临摹,插画', '0');
INSERT INTO `article` VALUES (47, 1, 'AirBbag小程序-APP', '## AirBbag-化妆品小程序\n\n一直都想尝试一下小程序的设计，这次刚好有机会遇上了这个项目，也熟悉一下产品整个开发流程，磨合团队合作。这是第一套小程序设计，过段时间就正式上线了(上线版可能有些地方不太相同）。期间主要负责小程序的视觉页面，虽然最后由于一些能力问题还有很多不太合理的地方，不过也算是一个相对完整的项目了。\n\n![作品集2020-5小程序.jpg](http://cdn.lululuting.com/4d479560-7a63-11eb-b141-ef2931a997ca)\n\n## AirBbag 移动端App\n\n![AirBbag_作品集_画板 1.jpg](http://cdn.lululuting.com/341a1920-7a75-11eb-b713-f9fd88d44d9e)\n\n', 'AirBbag-化妆品设计小程序+移动端App', 49, 'http://cdn.lululuting.com/39bc6ba0-7a64-11eb-b141-ef2931a997ca', '2021-03-01 16:00:46', 3, '小程序', '0');
COMMIT;

-- ----------------------------
-- Table structure for articlelike
-- ----------------------------
DROP TABLE IF EXISTS `articlelike`;
CREATE TABLE `articlelike` (
  `id` int(11) NOT NULL AUTO_INCREMENT,
  `userId` int(11) NOT NULL,
  `articleId` int(11) NOT NULL,
  `status` enum('1','0') COLLATE utf8_unicode_ci NOT NULL DEFAULT '1' COMMENT '1已点赞 0已取消',
  `createTime` timestamp NOT NULL DEFAULT CURRENT_TIMESTAMP ON UPDATE CURRENT_TIMESTAMP,
  PRIMARY KEY (`id`)
) ENGINE=MyISAM AUTO_INCREMENT=39 DEFAULT CHARSET=utf8 COLLATE=utf8_unicode_ci;

-- ----------------------------
-- Records of articlelike
-- ----------------------------
BEGIN;
INSERT INTO `articlelike` VALUES (8, 1, 23, '0', '2020-05-19 18:23:26');
INSERT INTO `articlelike` VALUES (9, 17, 23, '1', '2020-05-20 12:01:22');
INSERT INTO `articlelike` VALUES (10, 16, 23, '1', '2020-05-21 10:35:03');
INSERT INTO `articlelike` VALUES (11, 1, 24, '1', '2020-05-22 20:14:50');
INSERT INTO `articlelike` VALUES (12, 1, 25, '1', '2020-05-22 23:49:25');
INSERT INTO `articlelike` VALUES (13, 4, 25, '0', '2020-06-04 10:48:18');
INSERT INTO `articlelike` VALUES (14, 1, 26, '1', '2020-06-04 20:18:27');
INSERT INTO `articlelike` VALUES (15, 18, 26, '1', '2020-06-06 16:13:24');
INSERT INTO `articlelike` VALUES (16, 1, 27, '1', '2020-06-07 10:10:11');
INSERT INTO `articlelike` VALUES (17, 18, 28, '1', '2020-06-09 17:34:25');
INSERT INTO `articlelike` VALUES (18, 21, 27, '0', '2020-06-23 00:26:31');
INSERT INTO `articlelike` VALUES (19, 22, 28, '0', '2020-07-14 12:49:46');
INSERT INTO `articlelike` VALUES (20, 1, 28, '0', '2020-07-14 13:39:56');
INSERT INTO `articlelike` VALUES (21, 18, 17, '1', '2020-07-16 08:59:11');
INSERT INTO `articlelike` VALUES (22, 1, 17, '1', '2020-07-25 11:08:51');
INSERT INTO `articlelike` VALUES (23, 18, 30, '1', '2020-08-01 16:36:06');
INSERT INTO `articlelike` VALUES (24, 17, 29, '1', '2020-12-01 11:36:47');
INSERT INTO `articlelike` VALUES (25, 2, 30, '0', '2020-12-02 14:45:27');
INSERT INTO `articlelike` VALUES (26, 24, 24, '0', '2020-12-10 09:52:50');
INSERT INTO `articlelike` VALUES (27, 24, 30, '1', '2020-12-10 09:57:13');
INSERT INTO `articlelike` VALUES (28, 2, 34, '1', '2020-12-28 11:27:31');
INSERT INTO `articlelike` VALUES (29, 18, 34, '1', '2020-12-29 09:43:43');
INSERT INTO `articlelike` VALUES (30, 18, 32, '1', '2020-12-29 09:45:27');
INSERT INTO `articlelike` VALUES (31, 1, 34, '0', '2021-01-04 01:04:36');
INSERT INTO `articlelike` VALUES (32, 1, 37, '1', '2021-02-09 23:15:49');
INSERT INTO `articlelike` VALUES (33, 3, 37, '0', '2021-02-25 12:08:48');
INSERT INTO `articlelike` VALUES (34, 3, 42, '1', '2021-02-25 12:09:31');
INSERT INTO `articlelike` VALUES (35, 1, 44, '1', '2021-02-25 17:41:00');
INSERT INTO `articlelike` VALUES (36, 1, 47, '1', '2021-03-01 23:03:27');
INSERT INTO `articlelike` VALUES (37, 1, 45, '1', '2021-03-01 23:06:46');
INSERT INTO `articlelike` VALUES (38, 2, 42, '1', '2021-03-02 09:57:06');
COMMIT;

-- ----------------------------
-- Table structure for banner
-- ----------------------------
DROP TABLE IF EXISTS `banner`;
CREATE TABLE `banner` (
  `id` int(11) NOT NULL AUTO_INCREMENT,
  `url` varchar(255) CHARACTER SET utf8 NOT NULL,
  `link` varchar(255) CHARACTER SET utf8 NOT NULL,
  `status` enum('0','1') CHARACTER SET utf8 NOT NULL DEFAULT '1' COMMENT '1, 正常 2，下架',
  `title` varchar(255) COLLATE utf8mb4_unicode_ci NOT NULL,
  `userId` int(11) NOT NULL DEFAULT '0',
  `createTime` timestamp NOT NULL DEFAULT CURRENT_TIMESTAMP,
  `type` enum('3','2','1','4','5','7','8','6') CHARACTER SET utf8 DEFAULT '1' COMMENT '1轮播，2推荐，3广告，4首页时图，5列表页时图，6详情页时图，7搜索时图 8消息时图',
  PRIMARY KEY (`id`)
) ENGINE=MyISAM AUTO_INCREMENT=61 DEFAULT CHARSET=utf8mb4 COLLATE=utf8mb4_unicode_ci COMMENT='轮播大图 封面';

-- ----------------------------
-- Records of banner
-- ----------------------------
BEGIN;
INSERT INTO `banner` VALUES (20, 'http://cdn.lululuting.com/44fb6410-cdd7-11ea-9c81-d7714b00dffb', '123123', '0', '详情页头部', 1, '2020-01-29 18:32:17', '6');
INSERT INTO `banner` VALUES (36, 'http://cdn.lululuting.com/7af28280-65de-11ea-9951-f3da136c56eb', 'http://lululuting.com/detail?id=19', '0', '邻居菲菲姐', 1, '2020-03-07 19:14:49', '1');
INSERT INTO `banner` VALUES (37, 'http://cdn.lululuting.com/7e649ed0-65de-11ea-9951-f3da136c56eb', '123123', '0', '延迟摄影教学', 1, '2020-03-07 19:48:35', '1');
INSERT INTO `banner` VALUES (38, 'http://cdn.lululuting.com/8bfd7490-65de-11ea-9951-f3da136c56eb', '123123', '0', '母亲节', 1, '2020-03-07 19:48:56', '1');
INSERT INTO `banner` VALUES (40, 'http://cdn.lululuting.com/54fc4840-7ffb-11ea-8994-617ff2232874', 'http://lululuting.com/detail?id=21', '0', '2020 学习计划', 1, '2020-03-07 20:15:58', '2');
INSERT INTO `banner` VALUES (29, 'http://cdn.lululuting.com/93b2f080-c8f2-11ea-8d42-952284941abf', 'http://lululuting.com', '0', '测试广告', 1, '2020-02-14 20:59:32', '3');
INSERT INTO `banner` VALUES (39, 'http://cdn.lululuting.com/4a2e3c30-8004-11ea-8994-617ff2232874', 'https://voice.baidu.com/act/newpneumonia/newpneumonia/?from=osari_pc_3', '1', '最新疫情', 1, '2020-03-07 20:15:32', '2');
INSERT INTO `banner` VALUES (31, 'http://cdn.lululuting.com/8d4a3e90-cdd6-11ea-9c81-d7714b00dffb', 'http://lululuting.com', '1', '列表页顶部', 1, '2020-02-14 21:01:48', '5');
INSERT INTO `banner` VALUES (32, 'http://cdn.lululuting.com/f720b460-6531-11ea-9ef1-793305692a81', 'http://lululuting.com', '0', 'react笔记', 1, '2020-02-15 22:20:38', '1');
INSERT INTO `banner` VALUES (33, 'http://cdn.lululuting.com/fdd50360-6531-11ea-9ef1-793305692a81', 'https://lululuting.com', '0', '妇女节快乐', 1, '2020-02-23 11:32:22', '4');
INSERT INTO `banner` VALUES (34, 'http://cdn.lululuting.com/d41b8a00-65fc-11ea-83c8-3341d06ec4a1', '无', '0', '春风十里不如你', 1, '2020-02-23 11:50:39', '4');
INSERT INTO `banner` VALUES (41, 'http://cdn.lululuting.com/31b32fe0-7512-11eb-80b5-c1760fed308d', 'https://lululuting.com', '1', '搜索页', 1, '2020-03-22 15:14:32', '7');
INSERT INTO `banner` VALUES (42, 'http://cdn.lululuting.com/bd2c7e10-754e-11ea-b55b-676576cb2c32', 'http://lululuting.com', '0', '清明', 1, '2020-04-03 09:59:23', '4');
INSERT INTO `banner` VALUES (43, 'http://cdn.lululuting.com/65de81a0-7fc4-11ea-8fa4-534c8be40db2', 'http://lululuting.com', '0', '2020 4月 ', 1, '2020-04-16 17:12:35', '4');
INSERT INTO `banner` VALUES (44, 'http://cdn.lululuting.com/a232c280-7fc2-11ea-8fa4-534c8be40db2', 'http://lululuting.com', '0', '致敬阿sir', 1, '2020-04-16 17:14:11', '4');
INSERT INTO `banner` VALUES (45, 'http://cdn.lululuting.com/f0ff0590-85f8-11ea-9290-1df8672a5ecd', '无', '0', '五一劳动节快乐', 1, '2020-04-24 14:58:02', '4');
INSERT INTO `banner` VALUES (46, 'http://cdn.lululuting.com/7f2f5780-a358-11ea-90fe-1dfc80e73be2', 'null', '0', '儿童节快乐！', 1, '2020-06-01 00:05:10', '4');
INSERT INTO `banner` VALUES (47, 'http://cdn.lululuting.com/673d4e50-a945-11ea-9a01-65ae145b5aef', 'http://lululuting.com/detail?id=28', '1', '2020 夏 狗产品妹妹', 1, '2020-06-08 13:03:39', '1');
INSERT INTO `banner` VALUES (48, 'http://cdn.lululuting.com/786b0570-c1c1-11ea-9707-ef4cff94c71f', '无', '0', 'bilibili 高考加油', 1, '2020-07-09 16:52:09', '4');
INSERT INTO `banner` VALUES (49, 'http://cdn.lululuting.com/ae90d560-ccd1-11ea-8da5-110c1182d541', 'https://www.bilibili.com/video/BV1CC4y1b7Jo', '0', '我们的目标是星辰大海', 1, '2020-07-23 18:39:38', '4');
INSERT INTO `banner` VALUES (50, 'http://cdn.lululuting.com/a90c1c20-cdd6-11ea-9c81-d7714b00dffb', '123', '0', '测试广告2', 1, '2020-07-25 01:54:03', '3');
INSERT INTO `banner` VALUES (51, 'http://cdn.lululuting.com/02a38710-d8d0-11ea-bf63-27790b8cf5c5', 'http://gongyi.cctv.com/special/tswmdjzg/index.shtml?spm=C74732.P0CBL33VBJ8J.EwzM95jwfTzw.10', '1', '公益广告', 1, '2020-08-08 01:04:09', '3');
INSERT INTO `banner` VALUES (52, 'http://cdn.lululuting.com/b6db0d40-dae0-11ea-b0c9-03697e120f36', '无', '0', '七夕', 1, '2020-08-10 15:46:13', '4');
INSERT INTO `banner` VALUES (53, 'http://cdn.lululuting.com/60789940-2d97-11eb-8883-efaeafccc328', 'https://www.bilibili.com/video/BV1qK4y1Z7o3', '0', '祝贺常五', 1, '2020-12-27 20:47:10', '4');
INSERT INTO `banner` VALUES (54, 'http://cdn.lululuting.com/22686650-3164-11eb-989a-65d7366f70f3', 'http://lululuting.com/detail?id=33', '1', '广州火炉山', 1, '2020-12-27 21:38:10', '1');
INSERT INTO `banner` VALUES (55, 'http://cdn.lululuting.com/e0191fa0-5428-11eb-94fb-3f569e4878ce', 'https://tianqi.qq.com/', '0', '公益广告', 1, '2021-01-12 00:20:09', '3');
INSERT INTO `banner` VALUES (56, 'http://cdn.lululuting.com/e4ae1230-661d-11eb-8a60-df868c39a22e', '无', '0', '环火星绕飞', 1, '2021-02-03 20:46:54', '4');
INSERT INTO `banner` VALUES (57, 'http://cdn.lululuting.com/3ff012a0-74b6-11eb-bf8f-a346147fc9b3', 'https://lululuting.com/detail?id=42', '1', '2021 计划', 1, '2021-02-22 10:32:47', '2');
INSERT INTO `banner` VALUES (58, 'http://cdn.lululuting.com/ea060910-7511-11eb-80b5-c1760fed308d', '无', '1', '广告位招租', 1, '2021-02-22 21:26:28', '6');
INSERT INTO `banner` VALUES (59, 'http://cdn.lululuting.com/19bd8670-778c-11eb-bda1-ebf2e94014ec', '无', '1', '春天你好', 1, '2021-02-22 22:55:41', '4');
INSERT INTO `banner` VALUES (60, 'http://cdn.lululuting.com/f5930980-7e36-11eb-84f2-0f8d6d42caed', 'https://lululuting.com', '0', '女神节', 1, '2021-03-06 12:40:58', '4');
COMMIT;

-- ----------------------------
-- Table structure for clicklike
-- ----------------------------
DROP TABLE IF EXISTS `clicklike`;
CREATE TABLE `clicklike` (
  `id` int(11) NOT NULL,
  `userId` int(11) DEFAULT NULL,
  `articleId` int(11) DEFAULT NULL,
  `status` enum('1','0') COLLATE utf8_unicode_ci DEFAULT '1' COMMENT '1已点赞 0已取消',
  `createTime` timestamp NULL DEFAULT NULL ON UPDATE CURRENT_TIMESTAMP,
  PRIMARY KEY (`id`)
) ENGINE=MyISAM DEFAULT CHARSET=utf8 COLLATE=utf8_unicode_ci;

-- ----------------------------
-- Table structure for comment
-- ----------------------------
DROP TABLE IF EXISTS `comment`;
CREATE TABLE `comment` (
  `id` int(11) NOT NULL AUTO_INCREMENT COMMENT '主键',
  `content` varchar(255) COLLATE utf8mb4_unicode_ci DEFAULT NULL COMMENT '评论内容',
  `userId` int(11) DEFAULT NULL COMMENT '用户id',
  `pid` int(11) DEFAULT NULL COMMENT '回复id',
  `createTime` timestamp NULL DEFAULT CURRENT_TIMESTAMP ON UPDATE CURRENT_TIMESTAMP COMMENT '创建时间',
  `articleId` int(11) DEFAULT NULL COMMENT '文章id',
  PRIMARY KEY (`id`)
) ENGINE=MyISAM AUTO_INCREMENT=172 DEFAULT CHARSET=utf8mb4 COLLATE=utf8mb4_unicode_ci;

-- ----------------------------
-- Records of comment
-- ----------------------------
BEGIN;
INSERT INTO `comment` VALUES (126, '6', 16, NULL, '2020-05-19 18:30:46', 18);
INSERT INTO `comment` VALUES (127, '1', 16, 126, '2020-05-19 18:30:51', 18);
INSERT INTO `comment` VALUES (128, '各位，评论功能上线了喂！', 1, NULL, '2020-05-19 23:52:47', 23);
INSERT INTO `comment` VALUES (129, '大佬大佬，排队膜拜', 17, NULL, '2020-05-20 12:01:35', 23);
INSERT INTO `comment` VALUES (130, '哈哈', 1, 129, '2020-05-20 12:12:01', 23);
INSERT INTO `comment` VALUES (131, '这篇文章写的含而不露，隐而不诲，意味深长。(5毛一条)', 18, NULL, '2020-05-22 22:52:58', 24);
INSERT INTO `comment` VALUES (132, '支付宝已转，注意查收！', 1, 131, '2020-05-22 23:37:49', 24);
INSERT INTO `comment` VALUES (133, '太长不看', 1, NULL, '2020-05-22 23:38:40', 25);
INSERT INTO `comment` VALUES (134, '长是我的错？？？', 18, 133, '2020-05-22 23:44:21', 25);
INSERT INTO `comment` VALUES (135, '牛逼', 1, NULL, '2020-05-23 22:19:00', 8);
INSERT INTO `comment` VALUES (136, '我怀疑你在开车！', 1, 134, '2020-05-24 18:33:06', 25);
INSERT INTO `comment` VALUES (137, '6月，减肥计划已在路上！', 1, NULL, '2020-06-02 21:22:42', 21);
INSERT INTO `comment` VALUES (138, '切格瓦拉警告', 18, NULL, '2020-06-06 16:35:33', 23);
INSERT INTO `comment` VALUES (139, '你车没了！', 1, 138, '2020-06-06 20:10:05', 23);
INSERT INTO `comment` VALUES (140, '路还很长，加油吧。', 1, NULL, '2020-06-06 21:21:19', 26);
INSERT INTO `comment` VALUES (141, '可以可以，加油小伙子！', 1, NULL, '2020-06-07 10:10:35', 27);
INSERT INTO `comment` VALUES (142, '我提bug了，快点改好', 18, 141, '2020-06-07 11:02:27', 27);
INSERT INTO `comment` VALUES (143, '你提的是功能！要排期！', 1, 142, '2020-06-07 11:55:44', 27);
INSERT INTO `comment` VALUES (144, '不愧是你（手动狗头）', 18, 143, '2020-06-07 13:56:48', 27);
INSERT INTO `comment` VALUES (167, '😜', 1, NULL, '2021-02-22 21:37:27', 4);
INSERT INTO `comment` VALUES (168, '此处应该有掌声👏👏👏', 1, NULL, '2021-03-01 23:04:48', 47);
INSERT INTO `comment` VALUES (169, '加油👍', 1, NULL, '2021-03-01 23:06:43', 45);
INSERT INTO `comment` VALUES (147, '拷走', 18, NULL, '2020-06-09 17:35:19', 28);
INSERT INTO `comment` VALUES (148, '我TM', 1, 147, '2020-06-09 18:53:19', 28);
INSERT INTO `comment` VALUES (149, '? 改好啦靓仔！', 1, 146, '2020-07-08 16:29:14', 27);
INSERT INTO `comment` VALUES (150, '7月，考证已在路上！?', 1, NULL, '2020-07-08 20:42:07', 21);
INSERT INTO `comment` VALUES (170, '加油', 2, NULL, '2021-03-02 09:56:36', 42);
INSERT INTO `comment` VALUES (171, '👌', 1, 170, '2021-03-10 12:27:02', 42);
INSERT INTO `comment` VALUES (152, '此处应有掌声！???', 1, NULL, '2020-07-25 18:20:20', 29);
INSERT INTO `comment` VALUES (153, '吹喇叭我只服陆?', 18, NULL, '2020-08-01 16:36:38', 30);
INSERT INTO `comment` VALUES (154, '看来得加个删评论功能！?', 1, 153, '2020-08-01 16:57:38', 30);
INSERT INTO `comment` VALUES (155, '8月，技术栈已切换回vue了。typeScript也很简单，书写习惯问题，后面慢慢适应。?', 1, NULL, '2020-08-10 20:56:19', 21);
INSERT INTO `comment` VALUES (156, '愿你在平凡的日子里，熠熠生辉', 1, NULL, '2020-12-10 20:19:39', 32);
INSERT INTO `comment` VALUES (157, '愿你在平凡的日子里，熠熠生辉。', 2, 156, '2020-12-11 14:02:15', 32);
INSERT INTO `comment` VALUES (158, '建议改为夜话火炉山', 18, NULL, '2020-12-29 09:44:55', 33);
INSERT INTO `comment` VALUES (159, '2020 最后一天。flag 完成度大概 50%吧，python和flutter没学，减肥是控制住了。钱没存到，女朋友也还没有找到😪，乐器倒学了。自考本科已经报名了，驾照实在没兴趣。视频素材安详躺在硬盘中说希望不要打扰它。。。', 1, NULL, '2020-12-31 18:26:34', 21);
INSERT INTO `comment` VALUES (160, '2021 请继续加油！💪', 1, NULL, '2020-12-31 18:27:25', 21);
COMMIT;

-- ----------------------------
-- Table structure for commentlike
-- ----------------------------
DROP TABLE IF EXISTS `commentlike`;
CREATE TABLE `commentlike` (
  `id` int(11) NOT NULL AUTO_INCREMENT COMMENT '主键',
  `commentId` int(11) DEFAULT NULL,
  `userId` int(11) DEFAULT NULL,
  `createTime` timestamp NULL DEFAULT CURRENT_TIMESTAMP ON UPDATE CURRENT_TIMESTAMP,
  `status` enum('1','0') COLLATE utf8_unicode_ci DEFAULT '1' COMMENT '状态 0 取消， 1点赞',
  `articleId` int(11) DEFAULT NULL,
  PRIMARY KEY (`id`)
) ENGINE=MyISAM AUTO_INCREMENT=50 DEFAULT CHARSET=utf8 COLLATE=utf8_unicode_ci;

-- ----------------------------
-- Records of commentlike
-- ----------------------------
BEGIN;
INSERT INTO `commentlike` VALUES (44, 129, 18, '2020-06-06 16:37:31', '1', 23);
INSERT INTO `commentlike` VALUES (45, 158, 1, '2020-12-31 18:28:51', '1', 33);
INSERT INTO `commentlike` VALUES (46, 160, 2, '2021-01-06 14:24:50', '1', 21);
INSERT INTO `commentlike` VALUES (47, 159, 2, '2021-01-06 14:25:05', '1', 21);
INSERT INTO `commentlike` VALUES (48, 131, NULL, '2021-02-18 14:57:28', '1', 24);
INSERT INTO `commentlike` VALUES (49, 132, NULL, '2021-02-18 18:48:18', '1', 24);
COMMIT;

-- ----------------------------
-- Table structure for contact
-- ----------------------------
DROP TABLE IF EXISTS `contact`;
CREATE TABLE `contact` (
  `id` int(11) NOT NULL AUTO_INCREMENT,
  `type` enum('wx','qq','github','weibo','bilibili') NOT NULL,
  `link` varchar(255) DEFAULT NULL,
  `code` varchar(255) DEFAULT NULL,
  `userId` int(11) NOT NULL,
  PRIMARY KEY (`id`)
) ENGINE=MyISAM AUTO_INCREMENT=17 DEFAULT CHARSET=utf8;

-- ----------------------------
-- Records of contact
-- ----------------------------
BEGIN;
INSERT INTO `contact` VALUES (4, 'weibo', 'https://weibo.com/3741013945/profile?topnav=1&wvr=6', NULL, 1);
INSERT INTO `contact` VALUES (5, 'bilibili', 'https://space.bilibili.com/6489557?spm_id_from=333.334.b_62696c692d6865616465722d6d.8', 'http://cdn.lululuting.com/3dfc5a60-6532-11ea-9ef1-793305692a81', 1);
INSERT INTO `contact` VALUES (6, 'github', 'https://github.com/lululuting', NULL, 1);
INSERT INTO `contact` VALUES (9, 'qq', '1824849120', NULL, 2);
INSERT INTO `contact` VALUES (10, 'wx', NULL, NULL, 4);
INSERT INTO `contact` VALUES (14, 'qq', '2833847025@qq.com', NULL, 18);
INSERT INTO `contact` VALUES (15, 'bilibili', '2222', NULL, 17);
INSERT INTO `contact` VALUES (16, 'weibo', '2222', 'http://cdn.lululuting.com/7c827e20-9fc2-11ea-83d3-31b8631a1d42', 17);
COMMIT;

-- ----------------------------
-- Table structure for fans
-- ----------------------------
DROP TABLE IF EXISTS `fans`;
CREATE TABLE `fans` (
  `id` int(11) NOT NULL AUTO_INCREMENT,
  `userId` int(11) DEFAULT NULL,
  `createTime` timestamp NULL DEFAULT CURRENT_TIMESTAMP ON UPDATE CURRENT_TIMESTAMP,
  `fansId` int(11) DEFAULT NULL,
  `status` enum('1','0') COLLATE utf8_unicode_ci DEFAULT '0' COMMENT '0 关注 1取消关注 默认0',
  PRIMARY KEY (`id`)
) ENGINE=MyISAM AUTO_INCREMENT=30 DEFAULT CHARSET=utf8 COLLATE=utf8_unicode_ci;

-- ----------------------------
-- Records of fans
-- ----------------------------
BEGIN;
INSERT INTO `fans` VALUES (18, 2, '2020-05-20 12:03:53', 16, '0');
INSERT INTO `fans` VALUES (19, 2, '2020-05-24 20:35:34', 17, '0');
INSERT INTO `fans` VALUES (20, 17, '2020-05-20 12:10:51', 1, '0');
INSERT INTO `fans` VALUES (21, 1, '2020-05-20 14:02:08', 16, '0');
INSERT INTO `fans` VALUES (22, 18, '2020-05-23 15:07:46', 1, '0');
INSERT INTO `fans` VALUES (23, 4, '2020-05-25 00:00:03', 1, '0');
INSERT INTO `fans` VALUES (24, 20, '2020-06-07 12:59:34', 1, '0');
INSERT INTO `fans` VALUES (25, 1, '2020-07-14 12:47:51', 22, '1');
INSERT INTO `fans` VALUES (26, 3, '2020-07-18 20:32:24', 1, '0');
INSERT INTO `fans` VALUES (27, 3, '2020-12-29 09:48:40', 18, '0');
INSERT INTO `fans` VALUES (28, 2, '2020-12-30 18:44:57', 1, '0');
INSERT INTO `fans` VALUES (29, 3, '2021-02-14 15:23:49', NULL, '0');
COMMIT;

-- ----------------------------
-- Table structure for feedback
-- ----------------------------
DROP TABLE IF EXISTS `feedback`;
CREATE TABLE `feedback` (
  `id` int(11) NOT NULL AUTO_INCREMENT,
  `title` varchar(255) COLLATE utf8mb4_unicode_ci DEFAULT '',
  `description` varchar(255) COLLATE utf8mb4_unicode_ci DEFAULT NULL,
  `contact` varchar(255) COLLATE utf8mb4_unicode_ci DEFAULT NULL,
  `createTime` timestamp NOT NULL DEFAULT CURRENT_TIMESTAMP ON UPDATE CURRENT_TIMESTAMP,
  PRIMARY KEY (`id`)
) ENGINE=MyISAM AUTO_INCREMENT=20 DEFAULT CHARSET=utf8mb4 COLLATE=utf8mb4_unicode_ci;

-- ----------------------------
-- Records of feedback
-- ----------------------------
BEGIN;
INSERT INTO `feedback` VALUES (15, '希望能与大佬们互相交流一下', '本人博客 http://www.jsfan.net/\n联系方式无法添加', 'QQ: 907985037', '2020-04-15 12:57:25');
INSERT INTO `feedback` VALUES (16, '你好', '你好, 我刚开始搭建博客, 现在egg服务在云服务器启动成功了, 内网能拿到数据，但是外网访问不了接口,  请问还需要弄什么操作', 'wx 13694997133', '2020-06-02 17:26:44');
INSERT INTO `feedback` VALUES (17, '为什么mdEditor我发的表情包在文章看不到了呀', '发文章可以考拿到，网站内看不到。', 'id:我任由我不由天', '2020-06-07 09:37:15');
INSERT INTO `feedback` VALUES (18, '评论部分，如果太长感觉很丑', '感觉可以搞一个点击查看更多的功能', NULL, '2020-06-07 13:58:31');
INSERT INTO `feedback` VALUES (19, '分享文章，其实可以增加分享wx朋友圈', '添加需求', '不给', '2020-07-24 16:25:32');
COMMIT;

-- ----------------------------
-- Table structure for msg
-- ----------------------------
DROP TABLE IF EXISTS `msg`;
CREATE TABLE `msg` (
  `id` int(11) NOT NULL AUTO_INCREMENT,
  `type` enum('4','3','2','5','6','1') CHARACTER SET utf8 COLLATE utf8_unicode_ci NOT NULL DEFAULT '1' COMMENT '1评论 2回复评论  3点赞文章 4点赞评论 5粉丝关注 6系统通知',
  `userId` int(11) NOT NULL,
  `content` text COLLATE utf8mb4_unicode_ci COMMENT '内容，收藏评论点赞的文章或者评论位置',
  `createTime` timestamp NULL DEFAULT CURRENT_TIMESTAMP ON UPDATE CURRENT_TIMESTAMP,
  `status` enum('1','2','0') CHARACTER SET utf8 COLLATE utf8_unicode_ci NOT NULL DEFAULT '0' COMMENT '0 未读 1已读 2删除',
  `callUserId` int(11) DEFAULT NULL,
  `source` varchar(255) COLLATE utf8mb4_unicode_ci DEFAULT NULL COMMENT '出处  即文章封面或者评论内容',
  `sourceId` int(11) NOT NULL COMMENT '出处id 即文章id或者用户id',
  PRIMARY KEY (`id`)
) ENGINE=MyISAM AUTO_INCREMENT=129 DEFAULT CHARSET=utf8mb4 COLLATE=utf8mb4_unicode_ci;

-- ----------------------------
-- Records of msg
-- ----------------------------
BEGIN;
INSERT INTO `msg` VALUES (66, '1', 16, '6', '2020-05-19 18:38:50', '1', 1, 'http://cdn.lululuting.com/80b8e290-78b7-11ea-b66e-790e90ecd402', 18);
INSERT INTO `msg` VALUES (67, '1', 17, '大佬大佬，排队膜拜', '2020-05-20 12:10:54', '1', 1, 'http://cdn.lululuting.com/2b30d8e0-8579-11ea-b971-0906423746e5', 23);
INSERT INTO `msg` VALUES (68, '5', 16, NULL, '2020-05-20 16:31:21', '1', 2, NULL, 16);
INSERT INTO `msg` VALUES (69, '5', 17, NULL, '2020-05-20 16:31:21', '1', 2, NULL, 17);
INSERT INTO `msg` VALUES (70, '5', 1, NULL, '2020-05-20 12:11:56', '1', 17, NULL, 1);
INSERT INTO `msg` VALUES (71, '2', 1, '哈哈', '2020-05-20 12:12:55', '1', 17, '大佬大佬，排队膜拜', 23);
INSERT INTO `msg` VALUES (72, '5', 16, NULL, '2020-05-20 14:02:29', '1', 1, NULL, 16);
INSERT INTO `msg` VALUES (73, '1', 18, '这篇文章写的含而不露，隐而不诲，意味深长。(5毛一条)', '2020-05-22 23:33:42', '1', 1, 'http://cdn.lululuting.com/6dec2510-9a5d-11ea-b61d-a3be4770de24', 24);
INSERT INTO `msg` VALUES (74, '2', 1, '支付宝已转，注意查收！', '2020-05-22 23:43:02', '1', 18, '这篇文章写的含而不露，隐而不诲，意味深长。(5毛一条)', 24);
INSERT INTO `msg` VALUES (75, '1', 1, '太长不看', '2020-05-22 23:43:02', '1', 18, 'http://cdn.lululuting.com/d35b7dd0-9c40-11ea-b505-0775c997dd0f', 25);
INSERT INTO `msg` VALUES (76, '2', 18, '长是我的错？？？', '2020-05-22 23:45:43', '1', 1, '太长不看', 25);
INSERT INTO `msg` VALUES (77, '5', 1, NULL, '2020-06-06 16:13:57', '1', 18, NULL, 1);
INSERT INTO `msg` VALUES (78, '1', 1, '牛逼', '2020-07-16 09:56:27', '1', 2, 'http://cdn.lululuting.com/2561ad70-6532-11ea-9ef1-793305692a11', 8);
INSERT INTO `msg` VALUES (79, '2', 1, '我怀疑你在开车！', '2020-06-06 16:13:57', '1', 18, '长是我的错？？？', 25);
INSERT INTO `msg` VALUES (80, '5', 1, NULL, '2020-06-04 10:23:35', '1', 4, NULL, 1);
INSERT INTO `msg` VALUES (81, '1', 18, '切格瓦拉警告', '2020-06-06 20:08:51', '1', 1, 'http://cdn.lululuting.com/2b30d8e0-8579-11ea-b971-0906423746e5', 23);
INSERT INTO `msg` VALUES (82, '4', 18, NULL, '2020-12-01 11:27:25', '1', 17, '大佬大佬，排队膜拜', 23);
INSERT INTO `msg` VALUES (83, '2', 1, '你车没了！', '2020-06-06 23:52:31', '1', 18, '切格瓦拉警告', 23);
INSERT INTO `msg` VALUES (84, '1', 1, '路还很长，加油吧。', '2020-06-06 21:21:19', '0', 4, 'http://cdn.lululuting.com/19d2da90-a643-11ea-b3d0-6f6a2f29457d', 26);
INSERT INTO `msg` VALUES (85, '1', 1, '可以可以，加油小伙子！', '2020-06-07 11:01:11', '1', 18, 'http://cdn.lululuting.com/02271730-a814-11ea-97ed-37030e0db785', 27);
INSERT INTO `msg` VALUES (86, '2', 18, '我提bug了，快点改好', '2020-06-07 11:54:19', '1', 1, '可以可以，加油小伙子！', 27);
INSERT INTO `msg` VALUES (87, '2', 1, '你提的是功能！要排期！', '2020-06-07 13:55:56', '1', 18, '我提bug了，快点改好', 27);
INSERT INTO `msg` VALUES (88, '5', 1, NULL, '2020-06-07 23:15:02', '1', 20, NULL, 1);
INSERT INTO `msg` VALUES (89, '2', 18, '不愧是你（手动狗头）', '2020-06-07 17:59:03', '1', 1, '你提的是功能！要排期！', 27);
INSERT INTO `msg` VALUES (90, '2', 1, '评论展示表情是吧，安排上了。', '2020-06-07 18:26:38', '1', 18, '不愧是你（手动狗头）', 27);
INSERT INTO `msg` VALUES (91, '2', 18, '是发布的文章没表情，不是评论展示', '2020-06-07 18:52:05', '1', 1, '评论展示表情是吧，安排上了。', 27);
INSERT INTO `msg` VALUES (92, '1', 18, '拷走', '2020-06-09 18:41:01', '1', 1, 'http://cdn.lululuting.com/4b2f4c90-a945-11ea-9a01-65ae145b5aef', 28);
INSERT INTO `msg` VALUES (93, '2', 1, '我TM', '2020-06-09 20:28:25', '1', 18, '拷走', 28);
INSERT INTO `msg` VALUES (94, '2', 1, '? 改好啦靓仔！', '2020-07-10 16:56:15', '1', 18, '是发布的文章没表情，不是评论展示', 27);
INSERT INTO `msg` VALUES (95, '5', 22, NULL, '2020-07-14 13:38:19', '1', 1, NULL, 22);
INSERT INTO `msg` VALUES (96, '3', 22, NULL, '2020-07-14 13:38:19', '1', 1, 'http://cdn.lululuting.com/4b2f4c90-a945-11ea-9a01-65ae145b5aef', 28);
INSERT INTO `msg` VALUES (97, '3', 18, NULL, '2020-07-16 09:54:07', '1', 1, 'http://cdn.lululuting.com/b44cf7d0-74e4-11ea-9e0d-5d31f8d3722b', 17);
INSERT INTO `msg` VALUES (98, '1', 18, '发现一个问题，就是登录后，页面不是看文章的地址二十重定向到了固定页面。bug+1', '2020-07-16 09:54:07', '1', 1, 'http://cdn.lululuting.com/b44cf7d0-74e4-11ea-9e0d-5d31f8d3722b', 17);
INSERT INTO `msg` VALUES (99, '5', 1, NULL, '2020-12-09 22:47:02', '1', 3, NULL, 1);
INSERT INTO `msg` VALUES (100, '1', 1, '此处应有掌声！???', '2020-07-27 13:59:52', '1', 18, 'http://cdn.lululuting.com/351e39a0-ce45-11ea-b619-9b113aa9a739', 29);
INSERT INTO `msg` VALUES (101, '3', 18, NULL, '2020-08-01 16:56:17', '1', 1, 'http://cdn.lululuting.com/890d8a20-d156-11ea-9234-d110872d5c43', 30);
INSERT INTO `msg` VALUES (102, '1', 18, '吹喇叭我只服陆?', '2020-08-01 16:56:17', '1', 1, 'http://cdn.lululuting.com/890d8a20-d156-11ea-9234-d110872d5c43', 30);
INSERT INTO `msg` VALUES (103, '2', 1, '看来得加个删评论功能！?', '2020-08-01 17:01:30', '1', 18, '吹喇叭我只服陆?', 30);
INSERT INTO `msg` VALUES (104, '3', 17, NULL, '2020-12-01 19:29:18', '1', 18, 'http://cdn.lululuting.com/f827d3a0-d39c-11ea-b8ad-2d017a18d328', 29);
INSERT INTO `msg` VALUES (105, '3', 2, NULL, '2020-12-10 20:19:46', '1', 1, 'http://cdn.lululuting.com/890d8a20-d156-11ea-9234-d110872d5c43', 30);
INSERT INTO `msg` VALUES (106, '3', 24, NULL, '2020-12-10 20:19:46', '1', 1, 'http://cdn.lululuting.com/6dec2510-9a5d-11ea-b61d-a3be4770de24', 24);
INSERT INTO `msg` VALUES (107, '3', 24, NULL, '2020-12-10 20:19:46', '1', 1, 'http://cdn.lululuting.com/890d8a20-d156-11ea-9234-d110872d5c43', 30);
INSERT INTO `msg` VALUES (108, '1', 1, '愿你在平凡的日子里，熠熠生辉', '2020-12-11 09:18:22', '1', 2, 'http://cdn.lululuting.com/b2705780-3ac4-11eb-9e1e-6f628b0bd260', 32);
INSERT INTO `msg` VALUES (109, '2', 2, '愿你在平凡的日子里，熠熠生辉。', '2020-12-11 17:22:14', '1', 1, '愿你在平凡的日子里，熠熠生辉', 32);
INSERT INTO `msg` VALUES (110, '3', 2, NULL, '2020-12-28 11:50:48', '1', 1, 'http://cdn.lululuting.com/bc37e200-484e-11eb-8094-85b54b98a463', 34);
INSERT INTO `msg` VALUES (111, '3', 18, NULL, '2020-12-29 22:08:08', '1', 1, 'http://cdn.lululuting.com/bc37e200-484e-11eb-8094-85b54b98a463', 34);
INSERT INTO `msg` VALUES (112, '1', 18, '建议改为夜话火炉山', '2020-12-29 22:08:08', '1', 1, 'http://cdn.lululuting.com/52ab5f20-4848-11eb-975c-f5cc15c04cdb', 33);
INSERT INTO `msg` VALUES (113, '3', 18, NULL, '2021-01-03 11:29:52', '1', 2, 'http://cdn.lululuting.com/b2705780-3ac4-11eb-9e1e-6f628b0bd260', 32);
INSERT INTO `msg` VALUES (114, '5', 18, NULL, '2021-02-09 18:33:22', '1', 3, NULL, 18);
INSERT INTO `msg` VALUES (115, '5', 1, NULL, '2021-01-03 11:29:52', '1', 2, NULL, 1);
INSERT INTO `msg` VALUES (116, '4', 1, NULL, '2020-12-31 18:28:51', '0', 18, '建议改为夜话火炉山', 33);
INSERT INTO `msg` VALUES (117, '4', 2, NULL, '2021-01-07 14:51:40', '1', 1, '2021 请继续加油！💪', 21);
INSERT INTO `msg` VALUES (118, '4', 2, NULL, '2021-01-07 14:51:40', '1', 1, '2020 最后一天。flag 完成度大概 50%吧，python和flutter没学，减肥是控制住了。钱没存到，女朋友也还没有找到😪，乐器倒学了。自考本科已经报名了，驾照实在没兴趣。视频素材安详躺在硬盘中说希望不要打扰它。。。', 21);
INSERT INTO `msg` VALUES (119, '3', 1, NULL, '2021-02-25 15:33:07', '1', 3, 'http://cdn.lululuting.com/1eadd330-6ae7-11eb-aee2-2fb170e17949', 37);
INSERT INTO `msg` VALUES (120, '3', 3, NULL, '2021-02-25 17:41:04', '1', 1, 'http://cdn.lululuting.com/b0dae450-74b5-11eb-b709-09d1afa8cb14', 42);
INSERT INTO `msg` VALUES (121, '3', 1, NULL, '2021-03-01 15:40:39', '1', 3, 'http://cdn.lululuting.com/5ecd49e0-773b-11eb-a301-a582216ffde8', 44);
INSERT INTO `msg` VALUES (122, '3', 1, NULL, '2021-03-01 23:03:27', '0', 3, 'http://cdn.lululuting.com/39bc6ba0-7a64-11eb-b141-ef2931a997ca', 47);
INSERT INTO `msg` VALUES (123, '1', 1, '此处应该有掌声👏👏👏', '2021-03-01 23:04:48', '0', 3, 'http://cdn.lululuting.com/39bc6ba0-7a64-11eb-b141-ef2931a997ca', 47);
INSERT INTO `msg` VALUES (124, '1', 1, '加油👍', '2021-03-01 23:06:43', '0', 3, 'http://cdn.lululuting.com/a4b1b700-7a4e-11eb-b705-a73cbb7bebb1', 45);
INSERT INTO `msg` VALUES (125, '3', 1, NULL, '2021-03-01 23:06:46', '0', 3, 'http://cdn.lululuting.com/a4b1b700-7a4e-11eb-b705-a73cbb7bebb1', 45);
INSERT INTO `msg` VALUES (126, '1', 2, '加油', '2021-03-02 10:27:46', '1', 1, 'http://cdn.lululuting.com/b0dae450-74b5-11eb-b709-09d1afa8cb14', 42);
INSERT INTO `msg` VALUES (127, '3', 2, NULL, '2021-03-02 10:27:46', '1', 1, 'http://cdn.lululuting.com/b0dae450-74b5-11eb-b709-09d1afa8cb14', 42);
INSERT INTO `msg` VALUES (128, '2', 1, '👌', '2021-03-10 12:27:02', '0', 2, '加油', 42);
COMMIT;

-- ----------------------------
-- Table structure for type
-- ----------------------------
DROP TABLE IF EXISTS `type`;
CREATE TABLE `type` (
  `id` int(11) NOT NULL AUTO_INCREMENT,
  `typeName` varchar(255) NOT NULL DEFAULT '',
  `orderNum` int(11) NOT NULL DEFAULT '0',
  PRIMARY KEY (`id`)
) ENGINE=MyISAM AUTO_INCREMENT=4 DEFAULT CHARSET=utf8 COMMENT='类型表';

-- ----------------------------
-- Records of type
-- ----------------------------
BEGIN;
INSERT INTO `type` VALUES (1, '技术', 0);
INSERT INTO `type` VALUES (2, '摄影', 1);
INSERT INTO `type` VALUES (3, '生活', 2);
COMMIT;

-- ----------------------------
-- Table structure for user
-- ----------------------------
DROP TABLE IF EXISTS `user`;
CREATE TABLE `user` (
  `id` int(11) NOT NULL AUTO_INCREMENT COMMENT 'key',
  `userName` varchar(255) COLLATE utf8mb4_unicode_ci NOT NULL DEFAULT 'admin' COMMENT '昵称',
  `password` varchar(255) CHARACTER SET utf8 DEFAULT '$10$ouyBweiOSOd7ifjhLYA7s.IFL4LtppcybkD0yn/Pup0rX9OAvkU62' COMMENT '密码',
  `avatar` varchar(255) CHARACTER SET utf8 NOT NULL DEFAULT 'https://gw.alipayobjects.com/zos/antfincdn/XAosXuNZyF/BiazfanxmamNRoxxVxka.png' COMMENT '头像',
  `autograph` varchar(255) COLLATE utf8mb4_unicode_ci DEFAULT NULL COMMENT '个性签名',
  `post` varchar(255) COLLATE utf8mb4_unicode_ci DEFAULT '无业游民' COMMENT '职业',
  `address` varchar(255) COLLATE utf8mb4_unicode_ci DEFAULT NULL COMMENT '地址',
  `tags` varchar(255) COLLATE utf8mb4_unicode_ci DEFAULT NULL COMMENT '标签',
  `mobile` varchar(11) COLLATE utf8mb4_unicode_ci DEFAULT NULL COMMENT '手机号',
  `wxReward` varchar(255) CHARACTER SET utf8 DEFAULT NULL COMMENT '微信赞赏码',
  `zfbReward` varchar(255) CHARACTER SET utf8 DEFAULT NULL COMMENT '支付宝赞赏码',
  `cover` varchar(255) CHARACTER SET utf8 NOT NULL DEFAULT 'http://cdn.lululuting.com/ebe15f00-6531-11ea-9ef1-793305692a81' COMMENT '用户中心封面',
  `wbUid` varchar(11) CHARACTER SET utf8 DEFAULT NULL COMMENT '微博用户唯一uid',
  `auth` enum('1','2','0') CHARACTER SET utf8 DEFAULT '0' COMMENT '0普通用户 1 普通博主 2 超级管理员',
  `songsId` int(11) NOT NULL DEFAULT '705619441' COMMENT '网易云歌单id',
  PRIMARY KEY (`id`)
) ENGINE=MyISAM AUTO_INCREMENT=32 DEFAULT CHARSET=utf8mb4 COLLATE=utf8mb4_unicode_ci COMMENT='用户表';

-- ----------------------------
-- Records of user
-- ----------------------------
BEGIN;
INSERT INTO `user` VALUES (1, 'TingGe', '$2a$10$ouyBweiOSOd7ifjhLYA7s.IFL4LtppcybkD0yn/Pup0rX9OAvkU62', 'http://cdn.lululuting.com/b38c5770-9dd7-11ea-ba58-056c15585eed', '忘了他，我偷电瓶养你', '达内练习生', '广东广州', '靓仔,肥宅,强迫症患者,色影师', '18148770321', 'http://cdn.lululuting.com//2d7f0250-6532-11ea-9ef1-793305692a81', 'http://cdn.lululuting.com/337b4bf0-6532-11ea-9ef1-793305692a81', '//cdn.lululuting.com/6d47ae10-7b01-11eb-bf7c-63b4893cb9e4', '', '2', 151154101);
INSERT INTO `user` VALUES (2, '羡慕', '$2a$10$ouyBweiOSOd7ifjhLYA7s.IFL4LtppcybkD0yn/Pup0rX9OAvkU62', 'http://cdn.lululuting.com/534307a0-65b1-11ea-b9df-855300eae66c', '唯有热爱 方能抵御岁月漫长', '自由职业者', '河南周口', '美食,运动', '18790937595', '', '', '//cdn.lululuting.com/6be62cd0-7b02-11eb-93e0-33ea2443e177', '', '1', 705619441);
INSERT INTO `user` VALUES (3, '独钓寒江雪', '$2a$10$ouyBweiOSOd7ifjhLYA7s.IFL4LtppcybkD0yn/Pup0rX9OAvkU62', 'http://cdn.lululuting.com/2c6181a0-c8cd-11ea-a7aa-d1c681b8bab9', '我是小新', '无业游民', '河北邢台', '美女,可爱', '15832991954', NULL, NULL, 'http://cdn.lululuting.com/ebe15f00-6531-11ea-9ef1-793305692a81', '', '1', 705619441);
INSERT INTO `user` VALUES (4, 'admin', '$2a$10$ouyBweiOSOd7ifjhLYA7s.IFL4LtppcybkD0yn/Pup0rX9OAvkU62', 'http://cdn.lululuting.com/3e5e6e20-6fd3-11ea-b28f-8174f7ecc617', NULL, '无业游民', NULL, '旅游,文案,运营,医学', '18407579655', NULL, NULL, 'http://cdn.lululuting.com/ebe15f00-6531-11ea-9ef1-793305692a81', '', '1', 705619441);
INSERT INTO `user` VALUES (5, '91黄先生', '$2a$10$ouyBweiOSOd7ifjhLYA7s.IFL4LtppcybkD0yn/Pup0rX9OAvkU62', 'https://gw.alipayobjects.com/zos/antfincdn/XAosXuNZyF/BiazfanxmamNRoxxVxka.png', NULL, '无业游民', NULL, NULL, '18776038733', NULL, NULL, 'http://cdn.lululuting.com/ebe15f00-6531-11ea-9ef1-793305692a81', '', '1', 705619441);
INSERT INTO `user` VALUES (16, '某一热心网友', '$2a$10$ouyBweiOSOd7ifjhLYA7s.IFL4LtppcybkD0yn/Pup0rX9OAvkU62', 'https://tvax3.sinaimg.cn/crop.0.0.996.996.50/defb57b9ly8fekptoo8hdj20ro0roq5b.jpg?KID=imgbed,tva&Expires=1587991289&ssig=Axm94%2FE2%2Fj', '标准肥宅 中二码农', '无业游民', '广东广州', '666', '18148770322', NULL, NULL, 'http://cdn.lululuting.com/36c26d00-9aae-11ea-97d2-315172cc9aad', '3741013945', '0', 705619441);
INSERT INTO `user` VALUES (17, '无业游民', '$2a$10$yGxThrqsa3WTCzN3pGO9meBlibETgX4ZdKnlPelzYWgi193ddp0Uy', 'http://cdn.lululuting.com/ecb97120-9a87-11ea-a434-27a5371710e7', '', '无业游民', '', '学习', '15181219426', NULL, NULL, 'http://cdn.lululuting.com/ebe15f00-6531-11ea-9ef1-793305692a81', '6521841841', '1', 705619441);
INSERT INTO `user` VALUES (18, '我任由我不由天', '$2a$10$wfBrOiv70ZwH78vijtHKXOxv/YGCjgxcBGIch32MC9uhMzF3XS8oy', 'http://cdn.lululuting.com/e8cd77b0-9c39-11ea-84b8-61435f3baedb', NULL, '加班骚年', '广州', '篮球爱好者,技术管理员', '13007382642', NULL, NULL, 'http://cdn.lululuting.com/f83301b0-9c3a-11ea-84b8-61435f3baedb', NULL, '1', 705619441);
INSERT INTO `user` VALUES (19, 'be_k1nd', '$10$ouyBweiOSOd7ifjhLYA7s.IFL4LtppcybkD0yn/Pup0rX9OAvkU62', 'http://cdn.lululuting.com/83abada0-a6d6-11ea-865b-773d53ba53ae', '等自己', '无业游民', NULL, '', NULL, NULL, NULL, 'http://cdn.lululuting.com/c9230c40-a4b3-11ea-ac2a-0374e27a1770', '1897133053', '0', 705619441);
INSERT INTO `user` VALUES (20, '还要流浪的小幸', '$10$ouyBweiOSOd7ifjhLYA7s.IFL4LtppcybkD0yn/Pup0rX9OAvkU62', 'https://tvax3.sinaimg.cn/crop.0.0.1080.1080.50/5fc56376ly8g2se4p17phj20u00u0did.jpg?KID=imgbed,tva&Expires=1591448014&ssig=SaCBPASNdu', '热爱运动，骑车，登山，跑步，游泳 ---- 想用健康的身体，最疯狂的方式带你看世界！', '无业游民', NULL, NULL, NULL, NULL, NULL, 'http://cdn.lululuting.com/ebe15f00-6531-11ea-9ef1-793305692a81', '1606771574', '0', 705619441);
INSERT INTO `user` VALUES (21, 'zjut石德山', '$10$ouyBweiOSOd7ifjhLYA7s.IFL4LtppcybkD0yn/Pup0rX9OAvkU62', 'https://tvax3.sinaimg.cn/crop.0.0.828.828.50/e9750d0bly8gaqj40xuyrj20n00n0q52.jpg?KID=imgbed,tva&Expires=1592446857&ssig=QQyJYvxfyT', '', '无业游民', NULL, NULL, NULL, NULL, NULL, 'http://cdn.lululuting.com/ebe15f00-6531-11ea-9ef1-793305692a81', '3916762379', '0', 705619441);
INSERT INTO `user` VALUES (22, 'word-man', '$10$ouyBweiOSOd7ifjhLYA7s.IFL4LtppcybkD0yn/Pup0rX9OAvkU62', 'https://tva2.sinaimg.cn/crop.0.0.100.100.50/006dV4rUjw8evzqa7wdeuj302s02smwy.jpg?KID=imgbed,tva&Expires=1594711257&ssig=YRxgdCqKQJ', '生活有很多方式，我们可以羡慕别人的生活方式，但也要坚持和优化自己方式。', 'coding', 'word', 'sa', '13122310000', NULL, NULL, 'http://cdn.lululuting.com/d00f0500-c58c-11ea-8147-e57d6e6e670d', '5702491162', '0', 705619441);
INSERT INTO `user` VALUES (23, '小陆乱撞r', '$10$ouyBweiOSOd7ifjhLYA7s.IFL4LtppcybkD0yn/Pup0rX9OAvkU62', 'https://tvax2.sinaimg.cn/crop.0.0.996.996.50/006wDj00ly8g7vajk6ze4j30ro0romyw.jpg?KID=imgbed,tva&Expires=1606657635&ssig=FDXgaQGBmh', '这个人很蠢，什么也不太懂', '无业游民', NULL, NULL, NULL, NULL, NULL, 'http://cdn.lululuting.com/ebe15f00-6531-11ea-9ef1-793305692a81', '5979007572', '0', 705619441);
INSERT INTO `user` VALUES (24, 'BBQer71259', '$10$ouyBweiOSOd7ifjhLYA7s.IFL4LtppcybkD0yn/Pup0rX9OAvkU62', 'https://tva3.sinaimg.cn/crop.0.0.100.100.50/005PMMI5jw8emf901s6yoj302s02st8h.jpg?KID=imgbed,tva&Expires=1607063301&ssig=a%2FOCn%2Fp4G2', '', '无业游民', NULL, NULL, NULL, NULL, NULL, 'http://cdn.lululuting.com/ebe15f00-6531-11ea-9ef1-793305692a81', '5345884285', '0', 705619441);
INSERT INTO `user` VALUES (25, 'zev_fung', '$2a$10$CVhScIJbjLTWNwucdeYTnORMMzqIDfTDyeJPiQy.yGx4NXFDf91Au', 'https://tvax1.sinaimg.cn/default/images/default_avatar_male_50.gif?KID=imgbed,tva&Expires=1609625516&ssig=3YwFehZHFb', '', '无业游民', NULL, NULL, '15889833384', NULL, NULL, 'http://cdn.lululuting.com/ebe15f00-6531-11ea-9ef1-793305692a81', '7276773179', '0', 705619441);
INSERT INTO `user` VALUES (26, '用户7514806996', '$10$ouyBweiOSOd7ifjhLYA7s.IFL4LtppcybkD0yn/Pup0rX9OAvkU62', 'https://tvax1.sinaimg.cn/default/images/default_avatar_male_50.gif?KID=imgbed,tva&Expires=1609696245&ssig=fs1twYfE2I', '', '无业游民', NULL, NULL, NULL, NULL, NULL, 'http://cdn.lululuting.com/ebe15f00-6531-11ea-9ef1-793305692a81', '7514806996', '0', 705619441);
INSERT INTO `user` VALUES (27, '哈哈哈哈', '$10$ouyBweiOSOd7ifjhLYA7s.IFL4LtppcybkD0yn/Pup0rX9OAvkU62', 'https://tvax4.sinaimg.cn/crop.0.0.751.751.50/006rgWgqly8gm71vk0wbkj30kv0kv3zl.jpg?KID=imgbed,tva&Expires=1610354538&ssig=3Z7ythG5Ef', '爱是疲惫生活的英雄梦想 / 努力话唠 / 普通人 /  交友 / 中发0.3', '无业游民', NULL, NULL, NULL, NULL, NULL, 'http://cdn.lululuting.com/ebe15f00-6531-11ea-9ef1-793305692a81', '5899795282', '0', 705619441);
INSERT INTO `user` VALUES (28, '我不是皮卡丘575', '$10$ouyBweiOSOd7ifjhLYA7s.IFL4LtppcybkD0yn/Pup0rX9OAvkU62', 'https://tvax2.sinaimg.cn/crop.0.0.400.400.50/007dGoO9ly8ftpz2e1zwyj30b40b4753.jpg?KID=imgbed,tva&Expires=1610722074&ssig=9UkHDg54Iy', '', '无业游民', NULL, NULL, NULL, NULL, NULL, 'http://cdn.lululuting.com/ebe15f00-6531-11ea-9ef1-793305692a81', '6615127333', '0', 705619441);
INSERT INTO `user` VALUES (29, '九九年的水', '$10$ouyBweiOSOd7ifjhLYA7s.IFL4LtppcybkD0yn/Pup0rX9OAvkU62', 'https://tvax4.sinaimg.cn/crop.0.0.1006.1006.50/006zoZHZly8fw9xe8e4xuj30ry0rymz3.jpg?KID=imgbed,tva&Expires=1612790286&ssig=XOIQO6kmS3', '', '无业游民', NULL, NULL, NULL, NULL, NULL, 'http://cdn.lululuting.com/ebe15f00-6531-11ea-9ef1-793305692a81', '6019925835', '0', 705619441);
INSERT INTO `user` VALUES (30, 'wsw2021', '$10$ouyBweiOSOd7ifjhLYA7s.IFL4LtppcybkD0yn/Pup0rX9OAvkU62', 'https://tvax3.sinaimg.cn/crop.0.0.996.996.50/007Kjw7Fly8gmv7w1t1u3j30ro0romz3.jpg?KID=imgbed,tva&Expires=1613967697&ssig=tPXggxbVsU', '', '无业游民', NULL, NULL, NULL, NULL, NULL, 'http://cdn.lululuting.com/ebe15f00-6531-11ea-9ef1-793305692a81', '7097292995', '0', 705619441);
INSERT INTO `user` VALUES (31, '传奇神大人', '$10$ouyBweiOSOd7ifjhLYA7s.IFL4LtppcybkD0yn/Pup0rX9OAvkU62', 'https://tvax3.sinaimg.cn/crop.0.0.996.996.50/006A3xiRly8fhn1hjsulaj30ro0roq4a.jpg?KID=imgbed,tva&Expires=1615788934&ssig=fLVSCJ3w%2F%2F', '用爱发电', '无业游民', NULL, NULL, NULL, NULL, NULL, 'http://cdn.lululuting.com/ebe15f00-6531-11ea-9ef1-793305692a81', '6029588093', '0', 705619441);
COMMIT;

SET FOREIGN_KEY_CHECKS = 1;
